station,doy,years,n_surge,surge_p10,surge_p25,surge_p50,surge_p75,surge_p90,n_high,high_p10,high_p25,high_p50,high_p75,high_p90
9443090,1,30,900,-0.80,-0.43,0.02,0.43,0.86,420,7.27,7.82,8.53,9.13,9.61
9443090,2,30,900,-0.81,-0.44,0.02,0.43,0.86,420,7.22,7.85,8.59,9.19,9.68
9443090,3,30,900,-0.81,-0.44,0.01,0.43,0.86,420,7.14,7.85,8.63,9.24,9.76
9443090,4,30,900,-0.82,-0.45,0.01,0.43,0.86,420,7.14,7.81,8.61,9.27,9.78
9443090,5,30,900,-0.82,-0.45,0.01,0.43,0.84,420,7.12,7.81,8.63,9.32,9.84
9443090,6,30,900,-0.82,-0.45,0.00,0.42,0.84,420,7.12,7.80,8.54,9.30,9.85
9443090,7,30,900,-0.82,-0.45,-0.01,0.42,0.84,420,7.14,7.80,8.49,9.28,9.79
9443090,8,30,900,-0.81,-0.45,-0.01,0.43,0.84,450,7.15,7.79,8.47,9.26,9.76
9443090,9,30,900,-0.81,-0.45,-0.01,0.43,0.83,450,7.18,7.80,8.46,9.22,9.72
9443090,10,30,900,-0.81,-0.45,-0.01,0.43,0.83,450,7.24,7.81,8.47,9.22,9.69
9443090,11,30,900,-0.81,-0.46,-0.01,0.42,0.83,450,7.24,7.82,8.49,9.23,9.69
9443090,12,30,900,-0.82,-0.48,-0.01,0.41,0.83,450,7.20,7.82,8.53,9.24,9.71
9443090,13,30,900,-0.82,-0.48,-0.02,0.41,0.83,450,7.15,7.82,8.55,9.29,9.76
9443090,14,30,900,-0.82,-0.49,-0.03,0.41,0.83,450,7.13,7.80,8.56,9.35,9.79
9443090,15,30,900,-0.82,-0.49,-0.03,0.42,0.83,450,7.12,7.77,8.55,9.35,9.81
9443090,16,30,930,-0.83,-0.50,-0.03,0.42,0.83,450,7.15,7.76,8.55,9.33,9.79
9443090,17,30,930,-0.83,-0.50,-0.03,0.41,0.83,450,7.19,7.77,8.54,9.26,9.79
9443090,18,30,930,-0.83,-0.50,-0.04,0.40,0.82,450,7.24,7.79,8.52,9.22,9.71
9443090,19,30,930,-0.83,-0.50,-0.05,0.38,0.80,450,7.25,7.79,8.48,9.17,9.64
9443090,20,30,930,-0.83,-0.51,-0.07,0.37,0.80,450,7.26,7.79,8.46,9.14,9.64
9443090,21,30,930,-0.82,-0.51,-0.08,0.37,0.80,450,7.26,7.82,8.47,9.16,9.64
9443090,22,30,930,-0.83,-0.52,-0.09,0.37,0.80,450,7.25,7.80,8.49,9.22,9.69
9443090,23,30,930,-0.83,-0.54,-0.10,0.36,0.80,450,7.24,7.79,8.50,9.24,9.77
9443090,24,30,930,-0.84,-0.56,-0.12,0.35,0.80,450,7.23,7.77,8.48,9.29,9.82
9443090,25,30,930,-0.87,-0.57,-0.14,0.34,0.81,450,7.21,7.76,8.40,9.27,9.81
9443090,26,30,929,-0.88,-0.59,-0.15,0.33,0.81,450,7.21,7.74,8.36,9.23,9.80
9443090,27,30,928,-0.89,-0.60,-0.17,0.32,0.80,450,7.24,7.74,8.32,9.16,9.74
9443090,28,30,927,-0.90,-0.61,-0.17,0.31,0.79,450,7.26,7.73,8.29,9.08,9.68
9443090,29,30,926,-0.90,-0.61,-0.17,0.30,0.78,450,7.26,7.74,8.28,8.97,9.57
9443090,30,30,925,-0.90,-0.61,-0.17,0.29,0.78,450,7.26,7.75,8.29,8.94,9.56
9443090,31,30,924,-0.89,-0.61,-0.18,0.29,0.78,450,7.25,7.75,8.29,8.93,9.55
9443090,32,30,923,-0.89,-0.61,-0.17,0.29,0.78,450,7.23,7.69,8.29,8.93,9.54
9443090,33,30,922,-0.89,-0.60,-0.19,0.28,0.76,450,7.19,7.67,8.29,8.91,9.54
9443090,34,30,921,-0.89,-0.61,-0.19,0.27,0.75,449,7.09,7.67,8.28,8.90,9.55
9443090,35,30,920,-0.88,-0.60,-0.19,0.26,0.73,448,7.09,7.65,8.23,8.88,9.49
9443090,36,30,919,-0.88,-0.60,-0.21,0.25,0.72,447,7.13,7.65,8.22,8.84,9.46
9443090,37,30,918,-0.88,-0.60,-0.21,0.24,0.71,446,7.15,7.65,8.21,8.79,9.39
9443090,38,30,918,-0.88,-0.61,-0.22,0.24,0.71,445,7.17,7.66,8.20,8.74,9.30
9443090,39,30,918,-0.89,-0.61,-0.23,0.22,0.69,444,7.17,7.67,8.23,8.73,9.26
9443090,40,30,918,-0.90,-0.62,-0.24,0.22,0.68,443,7.17,7.67,8.22,8.73,9.25
9443090,41,30,918,-0.92,-0.63,-0.25,0.21,0.68,442,7.15,7.65,8.23,8.74,9.27
9443090,42,30,918,-0.94,-0.64,-0.26,0.20,0.68,441,7.12,7.63,8.23,8.76,9.30
9443090,43,30,918,-0.94,-0.64,-0.27,0.19,0.68,440,7.09,7.61,8.24,8.79,9.30
9443090,44,30,918,-0.94,-0.63,-0.28,0.19,0.67,439,7.09,7.58,8.22,8.80,9.30
9443090,45,30,896,-0.95,-0.63,-0.28,0.18,0.66,438,7.07,7.58,8.20,8.75,9.25
9443090,46,30,896,-0.94,-0.63,-0.28,0.18,0.65,438,7.07,7.58,8.14,8.71,9.22
9443090,47,30,896,-0.94,-0.62,-0.28,0.18,0.64,438,7.07,7.59,8.10,8.69,9.19
9443090,48,30,896,-0.94,-0.62,-0.28,0.18,0.63,438,7.10,7.58,8.09,8.65,9.17
9443090,49,30,896,-0.94,-0.63,-0.27,0.18,0.63,439,7.13,7.58,8.06,8.65,9.14
9443090,50,30,896,-0.94,-0.62,-0.28,0.18,0.63,440,7.12,7.57,8.06,8.65,9.13
9443090,51,30,896,-0.94,-0.62,-0.28,0.17,0.63,441,7.09,7.52,8.05,8.64,9.14
9443090,52,30,896,-0.95,-0.62,-0.28,0.17,0.60,442,7.03,7.48,8.03,8.64,9.17
9443090,53,30,896,-0.96,-0.63,-0.29,0.16,0.57,421,7.01,7.46,8.02,8.62,9.18
9443090,54,30,896,-0.96,-0.64,-0.29,0.16,0.54,422,6.99,7.45,7.99,8.62,9.16
9443090,55,30,896,-0.96,-0.63,-0.28,0.15,0.54,423,6.99,7.45,7.98,8.64,9.14
9443090,56,30,896,-0.96,-0.62,-0.27,0.16,0.54,424,6.99,7.45,7.98,8.60,9.14
9443090,57,30,897,-0.96,-0.61,-0.27,0.17,0.54,425,6.98,7.46,7.98,8.57,9.10
9443090,58,30,898,-0.94,-0.61,-0.27,0.17,0.57,426,7.00,7.45,7.96,8.54,9.06
9443090,59,30,899,-0.93,-0.61,-0.27,0.17,0.57,427,7.01,7.44,7.93,8.49,9.05
9443090,60,30,900,-0.93,-0.61,-0.27,0.17,0.59,428,7.01,7.42,7.89,8.46,9.02
9443090,61,30,901,-0.93,-0.61,-0.26,0.16,0.56,428,7.02,7.39,7.86,8.42,8.96
9443090,62,30,902,-0.93,-0.61,-0.26,0.14,0.55,428,7.02,7.39,7.83,8.39,8.95
9443090,63,30,903,-0.92,-0.60,-0.27,0.13,0.54,428,7.02,7.37,7.83,8.40,8.95
9443090,64,30,904,-0.91,-0.60,-0.27,0.12,0.52,428,7.02,7.36,7.82,8.41,8.95
9443090,65,30,905,-0.91,-0.60,-0.27,0.13,0.51,428,7.02,7.37,7.82,8.39,8.96
9443090,66,30,906,-0.91,-0.61,-0.27,0.12,0.50,428,7.02,7.39,7.82,8.37,8.95
9443090,67,30,907,-0.92,-0.61,-0.27,0.12,0.49,428,7.02,7.37,7.82,8.34,8.93
9443090,68,30,908,-0.91,-0.60,-0.27,0.12,0.50,450,7.02,7.38,7.82,8.33,8.93
9443090,69,30,908,-0.90,-0.60,-0.26,0.13,0.50,450,7.02,7.38,7.82,8.31,8.88
9443090,70,30,908,-0.89,-0.59,-0.26,0.13,0.51,450,7.03,7.36,7.80,8.28,8.77
9443090,71,30,908,-0.88,-0.58,-0.24,0.13,0.51,450,7.02,7.33,7.79,8.25,8.70
9443090,72,30,908,-0.87,-0.57,-0.24,0.13,0.51,450,7.02,7.31,7.77,8.22,8.68
9443090,73,30,908,-0.87,-0.57,-0.23,0.14,0.51,450,7.01,7.30,7.76,8.23,8.70
9443090,74,30,908,-0.87,-0.58,-0.23,0.14,0.51,450,6.96,7.28,7.75,8.23,8.77
9443090,75,30,908,-0.88,-0.58,-0.23,0.14,0.52,450,6.96,7.27,7.76,8.26,8.84
9443090,76,30,930,-0.89,-0.60,-0.24,0.14,0.51,450,6.93,7.28,7.77,8.28,8.90
9443090,77,30,930,-0.89,-0.60,-0.25,0.13,0.51,450,6.92,7.25,7.79,8.29,8.90
9443090,78,30,930,-0.89,-0.61,-0.26,0.12,0.51,450,6.91,7.26,7.77,8.25,8.90
9443090,79,30,930,-0.89,-0.61,-0.27,0.12,0.50,450,6.91,7.27,7.77,8.22,8.89
9443090,80,30,930,-0.89,-0.62,-0.28,0.10,0.50,450,6.88,7.27,7.75,8.22,8.85
9443090,81,30,930,-0.89,-0.62,-0.28,0.10,0.49,450,6.84,7.23,7.72,8.22,8.85
9443090,82,30,930,-0.89,-0.62,-0.27,0.10,0.49,450,6.80,7.21,7.70,8.23,8.90
9443090,83,30,930,-0.89,-0.63,-0.27,0.11,0.49,450,6.77,7.20,7.70,8.27,8.93
9443090,84,30,930,-0.89,-0.63,-0.26,0.12,0.50,450,6.72,7.18,7.70,8.29,8.96
9443090,85,30,930,-0.89,-0.61,-0.27,0.11,0.49,450,6.66,7.15,7.69,8.30,8.96
9443090,86,30,930,-0.89,-0.61,-0.27,0.11,0.46,450,6.59,7.11,7.66,8.27,8.97
9443090,87,30,930,-0.88,-0.61,-0.27,0.10,0.45,450,6.59,7.10,7.63,8.25,8.99
9443090,88,30,930,-0.88,-0.61,-0.26,0.09,0.42,450,6.57,7.07,7.59,8.22,8.96
9443090,89,30,930,-0.88,-0.61,-0.26,0.10,0.42,450,6.57,7.08,7.59,8.21,8.89
9443090,90,30,930,-0.88,-0.61,-0.26,0.09,0.40,450,6.58,7.09,7.58,8.16,8.76
9443090,91,30,930,-0.88,-0.62,-0.27,0.09,0.38,450,6.57,7.07,7.58,8.16,8.74
9443090,92,30,930,-0.88,-0.62,-0.27,0.09,0.38,450,6.56,7.03,7.59,8.15,8.74
9443090,93,30,930,-0.88,-0.62,-0.27,0.08,0.38,450,6.49,7.00,7.61,8.18,8.78
9443090,94,30,930,-0.88,-0.63,-0.28,0.08,0.38,450,6.48,6.95,7.61,8.22,8.79
9443090,95,30,930,-0.89,-0.63,-0.28,0.08,0.37,450,6.46,6.95,7.61,8.23,8.80
9443090,96,30,930,-0.89,-0.63,-0.29,0.07,0.36,450,6.49,6.94,7.60,8.20,8.78
9443090,97,30,930,-0.89,-0.64,-0.30,0.06,0.34,450,6.49,6.97,7.59,8.15,8.71
9443090,98,30,930,-0.89,-0.65,-0.31,0.05,0.34,450,6.51,6.97,7.57,8.12,8.67
9443090,99,30,930,-0.89,-0.66,-0.32,0.03,0.32,450,6.51,6.96,7.57,8.11,8.67
9443090,100,30,930,-0.89,-0.67,-0.32,0.02,0.31,450,6.49,6.97,7.57,8.13,8.70
9443090,101,30,930,-0.90,-0.68,-0.33,0.02,0.30,450,6.49,6.97,7.59,8.19,8.76
9443090,102,30,930,-0.91,-0.69,-0.34,0.01,0.30,450,6.44,6.97,7.61,8.25,8.78
9443090,103,30,930,-0.91,-0.69,-0.35,0.00,0.30,450,6.41,6.97,7.66,8.29,8.81
9443090,104,30,930,-0.92,-0.69,-0.35,0.00,0.29,450,6.36,6.95,7.68,8.32,8.88
9443090,105,30,930,-0.91,-0.69,-0.35,-0.01,0.27,450,6.35,6.93,7.66,8.33,8.88
9443090,106,30,930,-0.92,-0.70,-0.36,-0.02,0.26,450,6.32,6.92,7.64,8.31,8.84
9443090,107,30,930,-0.92,-0.70,-0.37,-0.03,0.26,450,6.32,6.93,7.60,8.26,8.83
9443090,108,30,930,-0.92,-0.70,-0.37,-0.03,0.25,450,6.35,6.93,7.58,8.24,8.82
9443090,109,30,930,-0.92,-0.70,-0.36,-0.03,0.25,450,6.33,6.92,7.58,8.22,8.81
9443090,110,30,930,-0.91,-0.70,-0.35,-0.04,0.23,450,6.31,6.87,7.59,8.24,8.84
9443090,111,30,930,-0.91,-0.69,-0.35,-0.05,0.23,450,6.30,6.86,7.61,8.31,8.90
9443090,112,30,930,-0.91,-0.69,-0.36,-0.05,0.21,450,6.24,6.82,7.66,8.37,8.91
9443090,113,30,930,-0.92,-0.70,-0.37,-0.06,0.20,450,6.20,6.81,7.69,8.38,8.91
9443090,114,30,930,-0.92,-0.70,-0.39,-0.07,0.19,450,6.22,6.82,7.69,8.38,8.91
9443090,115,30,930,-0.92,-0.70,-0.39,-0.08,0.17,450,6.27,6.82,7.69,8.32,8.86
9443090,116,30,930,-0.92,-0.71,-0.41,-0.09,0.17,450,6.30,6.82,7.65,8.26,8.78
9443090,117,30,930,-0.93,-0.71,-0.42,-0.09,0.16,450,6.31,6.83,7.63,8.24,8.70
9443090,118,30,930,-0.93,-0.71,-0.43,-0.11,0.15,450,6.31,6.84,7.62,8.20,8.70
9443090,119,30,930,-0.93,-0.71,-0.43,-0.11,0.14,450,6.31,6.85,7.62,8.20,8.69
9443090,120,30,930,-0.93,-0.71,-0.44,-0.13,0.12,450,6.31,6.85,7.62,8.21,8.70
9443090,121,30,930,-0.92,-0.71,-0.44,-0.13,0.12,450,6.28,6.85,7.64,8.27,8.80
9443090,122,30,930,-0.92,-0.71,-0.43,-0.14,0.10,450,6.27,6.85,7.65,8.32,8.85
9443090,123,30,930,-0.91,-0.70,-0.43,-0.15,0.10,450,6.25,6.83,7.63,8.35,8.85
9443090,124,30,930,-0.91,-0.70,-0.43,-0.15,0.10,450,6.24,6.83,7.61,8.33,8.81
9443090,125,30,930,-0.90,-0.70,-0.42,-0.15,0.10,450,6.29,6.83,7.53,8.26,8.78
9443090,126,30,930,-0.90,-0.69,-0.42,-0.15,0.10,450,6.29,6.84,7.51,8.15,8.73
9443090,127,30,930,-0.89,-0.68,-0.42,-0.15,0.10,450,6.35,6.85,7.51,8.12,8.69
9443090,128,30,930,-0.89,-0.67,-0.42,-0.16,0.09,450,6.35,6.86,7.52,8.10,8.69
9443090,129,30,930,-0.87,-0.66,-0.42,-0.16,0.09,450,6.36,6.86,7.52,8.12,8.73
9443090,130,30,930,-0.86,-0.66,-0.42,-0.16,0.09,450,6.35,6.88,7.53,8.21,8.79
9443090,131,30,930,-0.85,-0.66,-0.42,-0.17,0.08,450,6.35,6.88,7.57,8.30,8.86
9443090,132,30,930,-0.85,-0.65,-0.42,-0.17,0.08,450,6.37,6.88,7.61,8.35,8.88
9443090,133,30,930,-0.83,-0.65,-0.42,-0.17,0.07,450,6.38,6.88,7.61,8.32,8.88
9443090,134,30,930,-0.83,-0.65,-0.42,-0.17,0.07,450,6.40,6.91,7.60,8.30,8.87
9443090,135,30,930,-0.82,-0.64,-0.42,-0.17,0.07,450,6.43,6.91,7.60,8.26,8.82
9443090,136,30,930,-0.81,-0.64,-0.42,-0.17,0.07,450,6.45,6.92,7.59,8.20,8.79
9443090,137,30,930,-0.79,-0.62,-0.41,-0.17,0.06,450,6.47,6.92,7.61,8.20,8.78
9443090,138,30,930,-0.79,-0.62,-0.41,-0.17,0.07,450,6.46,6.93,7.62,8.27,8.81
9443090,139,30,930,-0.78,-0.61,-0.41,-0.17,0.08,450,6.47,6.92,7.62,8.32,8.87
9443090,140,30,930,-0.77,-0.61,-0.41,-0.17,0.08,450,6.45,6.93,7.67,8.46,8.92
9443090,141,30,930,-0.76,-0.60,-0.40,-0.17,0.08,450,6.43,6.93,7.70,8.52,8.99
9443090,142,30,930,-0.76,-0.59,-0.40,-0.17,0.08,450,6.44,6.93,7.69,8.52,9.02
9443090,143,30,930,-0.75,-0.59,-0.40,-0.17,0.08,450,6.46,6.95,7.68,8.52,9.02
9443090,144,30,930,-0.74,-0.58,-0.39,-0.16,0.08,450,6.46,6.97,7.66,8.46,8.99
9443090,145,30,930,-0.74,-0.58,-0.39,-0.15,0.07,450,6.50,6.97,7.66,8.37,8.94
9443090,146,30,930,-0.73,-0.57,-0.37,-0.14,0.07,450,6.52,7.00,7.63,8.32,8.92
9443090,147,30,930,-0.73,-0.56,-0.37,-0.14,0.08,450,6.54,7.00,7.61,8.32,8.92
9443090,148,30,930,-0.72,-0.55,-0.36,-0.13,0.10,450,6.54,6.97,7.61,8.35,8.97
9443090,149,30,930,-0.70,-0.54,-0.36,-0.13,0.10,450,6.54,6.96,7.63,8.40,9.03
9443090,150,30,930,-0.70,-0.54,-0.36,-0.12,0.10,450,6.51,6.95,7.64,8.43,9.09
9443090,151,30,930,-0.69,-0.54,-0.36,-0.12,0.10,450,6.48,6.95,7.66,8.46,9.11
9443090,152,30,930,-0.69,-0.54,-0.36,-0.12,0.11,450,6.46,6.96,7.66,8.44,9.11
9443090,153,30,930,-0.69,-0.54,-0.36,-0.12,0.10,450,6.54,6.98,7.64,8.36,9.07
9443090,154,30,930,-0.69,-0.54,-0.37,-0.12,0.10,450,6.55,7.03,7.64,8.28,9.03
9443090,155,30,930,-0.69,-0.54,-0.36,-0.13,0.08,450,6.58,7.08,7.65,8.25,8.92
9443090,156,30,930,-0.68,-0.54,-0.37,-0.13,0.07,450,6.60,7.08,7.66,8.25,8.86
9443090,157,30,930,-0.68,-0.54,-0.36,-0.14,0.06,450,6.60,7.06,7.67,8.25,8.86
9443090,158,30,930,-0.68,-0.54,-0.36,-0.14,0.06,450,6.58,7.02,7.68,8.30,8.92
9443090,159,30,930,-0.68,-0.53,-0.36,-0.15,0.06,450,6.55,7.01,7.68,8.35,9.02
9443090,160,30,930,-0.68,-0.53,-0.36,-0.15,0.06,450,6.55,7.01,7.69,8.40,9.03
9443090,161,30,930,-0.68,-0.53,-0.35,-0.15,0.06,450,6.54,7.01,7.71,8.40,9.03
9443090,162,30,930,-0.67,-0.53,-0.35,-0.15,0.06,450,6.54,7.01,7.70,8.34,8.99
9443090,163,30,930,-0.66,-0.53,-0.34,-0.15,0.06,450,6.55,7.02,7.69,8.28,8.85
9443090,164,30,930,-0.65,-0.52,-0.34,-0.15,0.06,450,6.62,7.06,7.67,8.21,8.79
9443090,165,30,930,-0.64,-0.51,-0.33,-0.15,0.06,450,6.64,7.07,7.65,8.19,8.77
9443090,166,30,930,-0.64,-0.51,-0.33,-0.14,0.06,450,6.64,7.07,7.65,8.19,8.75
9443090,167,30,930,-0.63,-0.50,-0.33,-0.14,0.07,450,6.60,7.06,7.65,8.20,8.78
9443090,168,30,930,-0.62,-0.49,-0.32,-0.13,0.06,450,6.54,7.04,7.66,8.25,8.81
9443090,169,30,930,-0.62,-0.48,-0.31,-0.13,0.06,450,6.53,7.01,7.67,8.32,8.86
9443090,170,30,930,-0.61,-0.48,-0.30,-0.13,0.06,450,6.53,6.97,7.67,8.34,8.92
9443090,171,30,930,-0.61,-0.47,-0.30,-0.13,0.06,450,6.53,7.01,7.65,8.29,8.91
9443090,172,30,930,-0.60,-0.47,-0.30,-0.13,0.06,450,6.54,7.07,7.65,8.25,8.85
9443090,173,30,930,-0.60,-0.47,-0.30,-0.13,0.06,450,6.60,7.10,7.65,8.20,8.78
9443090,174,30,930,-0.60,-0.46,-0.31,-0.13,0.06,450,6.63,7.14,7.66,8.17,8.77
9443090,175,30,930,-0.59,-0.46,-0.30,-0.14,0.06,450,6.63,7.15,7.67,8.16,8.73
9443090,176,30,930,-0.59,-0.46,-0.30,-0.14,0.06,450,6.62,7.13,7.67,8.21,8.79
9443090,177,30,930,-0.58,-0.45,-0.30,-0.14,0.06,450,6.59,7.12,7.68,8.26,8.90
9443090,178,30,930,-0.58,-0.45,-0.30,-0.13,0.06,450,6.53,7.07,7.70,8.33,8.96
9443090,179,30,930,-0.57,-0.45,-0.30,-0.13,0.06,450,6.51,7.04,7.71,8.38,9.01
9443090,180,30,930,-0.56,-0.44,-0.29,-0.12,0.06,450,6.51,7.03,7.72,8.38,9.01
9443090,181,30,930,-0.56,-0.44,-0.29,-0.11,0.06,450,6.56,7.04,7.71,8.35,8.96
9443090,182,30,930,-0.55,-0.43,-0.28,-0.10,0.06,450,6.61,7.07,7.68,8.30,8.87
9443090,183,30,930,-0.54,-0.43,-0.28,-0.10,0.07,450,6.65,7.09,7.67,8.25,8.81
9443090,184,30,930,-0.53,-0.42,-0.27,-0.10,0.07,450,6.68,7.11,7.68,8.23,8.76
9443090,185,30,930,-0.53,-0.41,-0.26,-0.09,0.07,450,6.70,7.13,7.68,8.25,8.76
9443090,186,30,930,-0.52,-0.40,-0.25,-0.09,0.08,450,6.68,7.10,7.69,8.30,8.83
9443090,187,30,930,-0.51,-0.39,-0.24,-0.08,0.08,450,6.66,7.06,7.71,8.34,8.90
9443090,188,30,930,-0.50,-0.39,-0.23,-0.07,0.09,450,6.62,7.05,7.68,8.39,8.96
9443090,189,30,930,-0.49,-0.38,-0.23,-0.06,0.10,450,6.61,7.04,7.67,8.40,8.97
9443090,190,30,930,-0.49,-0.37,-0.22,-0.04,0.11,450,6.62,7.04,7.65,8.39,8.95
9443090,191,30,930,-0.48,-0.37,-0.21,-0.04,0.11,450,6.66,7.06,7.65,8.33,8.85
9443090,192,30,930,-0.47,-0.36,-0.21,-0.04,0.11,450,6.70,7.14,7.65,8.28,8.81
9443090,193,30,930,-0.46,-0.36,-0.20,-0.03,0.11,450,6.71,7.15,7.65,8.20,8.77
9443090,194,30,930,-0.46,-0.35,-0.19,-0.03,0.11,450,6.73,7.17,7.64,8.19,8.74
9443090,195,30,930,-0.45,-0.34,-0.19,-0.02,0.11,450,6.75,7.19,7.65,8.19,8.77
9443090,196,30,930,-0.44,-0.33,-0.18,-0.02,0.11,450,6.72,7.17,7.67,8.28,8.82
9443090,197,30,930,-0.44,-0.33,-0.18,-0.02,0.12,450,6.70,7.16,7.68,8.32,8.84
9443090,198,30,930,-0.44,-0.32,-0.17,-0.02,0.12,450,6.69,7.15,7.67,8.40,8.87
9443090,199,30,930,-0.44,-0.32,-0.17,-0.02,0.12,450,6.69,7.14,7.64,8.39,8.85
9443090,200,30,930,-0.44,-0.32,-0.16,-0.01,0.12,450,6.71,7.16,7.61,8.32,8.84
9443090,201,30,930,-0.43,-0.31,-0.15,-0.01,0.13,450,6.73,7.20,7.63,8.25,8.78
9443090,202,30,930,-0.42,-0.30,-0.15,0.00,0.14,450,6.79,7.23,7.63,8.18,8.71
9443090,203,30,930,-0.41,-0.29,-0.14,0.01,0.14,450,6.83,7.25,7.65,8.13,8.65
9443090,204,30,930,-0.40,-0.28,-0.13,0.02,0.14,450,6.84,7.25,7.65,8.12,8.65
9443090,205,30,930,-0.39,-0.27,-0.12,0.03,0.15,450,6.82,7.24,7.66,8.13,8.66
9443090,206,30,930,-0.39,-0.25,-0.11,0.03,0.16,450,6.78,7.20,7.66,8.19,8.74
9443090,207,30,930,-0.38,-0.24,-0.10,0.04,0.16,450,6.76,7.14,7.66,8.25,8.76
9443090,208,30,930,-0.37,-0.24,-0.09,0.04,0.17,450,6.76,7.11,7.65,8.26,8.79
9443090,209,30,930,-0.37,-0.23,-0.09,0.05,0.17,450,6.76,7.12,7.65,8.24,8.77
9443090,210,30,930,-0.36,-0.23,-0.08,0.05,0.17,450,6.78,7.14,7.65,8.17,8.72
9443090,211,30,930,-0.35,-0.22,-0.08,0.05,0.18,450,6.80,7.16,7.65,8.10,8.64
9443090,212,30,930,-0.34,-0.21,-0.08,0.06,0.18,450,6.82,7.20,7.65,8.07,8.54
9443090,213,30,930,-0.32,-0.21,-0.08,0.06,0.18,450,6.85,7.22,7.65,8.04,8.46
9443090,214,30,930,-0.32,-0.20,-0.08,0.06,0.18,450,6.82,7.20,7.66,8.07,8.47
9443090,215,30,930,-0.32,-0.20,-0.07,0.06,0.20,450,6.79,7.18,7.67,8.11,8.58
9443090,216,30,930,-0.31,-0.19,-0.07,0.06,0.21,450,6.78,7.15,7.66,8.14,8.68
9443090,217,30,930,-0.30,-0.19,-0.06,0.07,0.22,450,6.77,7.15,7.66,8.19,8.72
9443090,218,30,930,-0.30,-0.18,-0.06,0.07,0.22,450,6.76,7.15,7.64,8.19,8.72
9443090,219,30,930,-0.30,-0.18,-0.06,0.08,0.24,450,6.78,7.16,7.63,8.14,8.66
9443090,220,30,930,-0.29,-0.17,-0.05,0.08,0.24,450,6.79,7.19,7.63,8.08,8.56
9443090,221,30,930,-0.29,-0.17,-0.04,0.09,0.25,450,6.86,7.23,7.62,8.02,8.50
9443090,222,30,930,-0.28,-0.16,-0.04,0.09,0.25,450,6.90,7.25,7.62,8.00,8.46
9443090,223,30,930,-0.26,-0.15,-0.03,0.09,0.25,450,6.90,7.26,7.61,7.98,8.46
9443090,224,30,930,-0.26,-0.14,-0.02,0.10,0.26,450,6.86,7.25,7.60,7.98,8.46
9443090,225,30,930,-0.25,-0.14,-0.02,0.10,0.27,450,6.80,7.21,7.59,8.00,8.54
9443090,226,30,930,-0.24,-0.14,-0.02,0.11,0.27,450,6.77,7.18,7.59,8.04,8.59
9443090,227,30,930,-0.24,-0.13,-0.02,0.11,0.27,450,6.76,7.16,7.59,8.07,8.59
9443090,228,30,930,-0.24,-0.13,-0.01,0.12,0.28,450,6.77,7.14,7.58,8.05,8.56
9443090,229,30,930,-0.23,-0.13,-0.01,0.12,0.28,450,6.78,7.16,7.58,8.01,8.52
9443090,230,30,930,-0.23,-0.13,-0.01,0.12,0.29,450,6.83,7.18,7.57,7.95,8.45
9443090,231,30,930,-0.23,-0.12,0.00,0.13,0.30,450,6.85,7.19,7.56,7.94,8.41
9443090,232,30,930,-0.23,-0.12,0.00,0.14,0.31,450,6.84,7.19,7.56,7.93,8.33
9443090,233,30,930,-0.23,-0.12,0.00,0.14,0.31,450,6.84,7.17,7.56,7.94,8.32
9443090,234,30,930,-0.23,-0.12,0.00,0.14,0.31,450,6.84,7.15,7.56,7.95,8.35
9443090,235,30,930,-0.24,-0.13,0.00,0.14,0.31,450,6.78,7.10,7.55,7.98,8.38
9443090,236,30,930,-0.24,-0.13,0.00,0.14,0.31,450,6.76,7.05,7.54,8.04,8.43
9443090,237,30,930,-0.24,-0.13,0.00,0.15,0.30,450,6.73,7.04,7.54,8.05,8.45
9443090,238,30,930,-0.24,-0.13,0.00,0.15,0.31,450,6.73,7.03,7.53,8.06,8.43
9443090,239,30,930,-0.24,-0.13,0.00,0.15,0.32,450,6.76,7.04,7.53,8.02,8.38
9443090,240,30,930,-0.24,-0.13,0.00,0.15,0.32,450,6.83,7.08,7.52,7.98,8.36
9443090,241,30,930,-0.24,-0.13,0.00,0.15,0.33,450,6.85,7.09,7.50,7.94,8.29
9443090,242,30,930,-0.24,-0.13,0.00,0.15,0.33,450,6.85,7.09,7.49,7.92,8.27
9443090,243,30,930,-0.24,-0.13,0.00,0.16,0.33,450,6.79,7.06,7.47,7.92,8.25
9443090,244,30,930,-0.24,-0.13,0.00,0.16,0.34,450,6.74,7.01,7.47,7.93,8.27
9443090,245,30,930,-0.24,-0.13,0.00,0.17,0.35,450,6.70,6.98,7.46,7.95,8.29
9443090,246,30,930,-0.24,-0.12,0.01,0.18,0.35,450,6.69,6.97,7.44,7.97,8.31
9443090,247,30,930,-0.23,-0.12,0.01,0.19,0.37,450,6.69,6.97,7.43,7.98,8.32
9443090,248,30,930,-0.23,-0.12,0.01,0.19,0.38,450,6.69,6.97,7.43,7.96,8.31
9443090,249,30,930,-0.24,-0.13,0.02,0.19,0.38,450,6.69,6.97,7.41,7.92,8.29
9443090,250,30,930,-0.24,-0.13,0.02,0.20,0.39,450,6.70,6.99,7.41,7.85,8.25
9443090,251,30,930,-0.24,-0.13,0.01,0.20,0.39,450,6.73,7.00,7.40,7.83,8.18
9443090,252,30,930,-0.25,-0.14,0.01,0.20,0.40,450,6.75,7.01,7.39,7.80,8.16
9443090,253,30,930,-0.25,-0.14,0.01,0.21,0.41,450,6.74,7.01,7.39,7.79,8.15
9443090,254,30,930,-0.26,-0.14,0.02,0.22,0.42,450,6.70,7.00,7.39,7.83,8.20
9443090,255,30,930,-0.27,-0.14,0.02,0.22,0.43,450,6.69,6.97,7.39,7.89,8.25
9443090,256,30,930,-0.27,-0.14,0.01,0.22,0.44,450,6.63,6.97,7.39,7.95,8.31
9443090,257,30,930,-0.27,-0.15,0.02,0.22,0.45,450,6.57,6.97,7.39,8.01,8.31
9443090,258,30,930,-0.27,-0.15,0.02,0.23,0.44,450,6.61,6.97,7.38,7.99,8.32
9443090,259,30,930,-0.28,-0.15,0.02,0.23,0.45,450,6.62,6.97,7.37,7.95,8.32
9443090,260,30,930,-0.28,-0.14,0.02,0.24,0.45,450,6.65,7.00,7.35,7.90,8.31
9443090,261,30,930,-0.28,-0.14,0.02,0.24,0.46,450,6.65,7.01,7.35,7.85,8.26
9443090,262,30,930,-0.29,-0.14,0.02,0.24,0.47,450,6.62,7.01,7.35,7.85,8.23
9443090,263,30,930,-0.30,-0.15,0.02,0.24,0.50,450,6.61,6.98,7.35,7.85,8.26
9443090,264,30,930,-0.30,-0.15,0.02,0.25,0.51,450,6.58,6.94,7.35,7.89,8.32
9443090,265,30,930,-0.30,-0.15,0.02,0.25,0.52,450,6.53,6.90,7.34,7.93,8.36
9443090,266,30,930,-0.31,-0.15,0.03,0.25,0.52,450,6.51,6.88,7.34,8.01,8.44
9443090,267,30,930,-0.31,-0.15,0.03,0.25,0.53,450,6.48,6.88,7.34,8.01,8.47
9443090,268,30,930,-0.31,-0.15,0.03,0.25,0.56,450,6.48,6.86,7.32,8.02,8.51
9443090,269,30,930,-0.31,-0.15,0.03,0.25,0.58,450,6.51,6.86,7.29,7.99,8.50
9443090,270,30,930,-0.31,-0.15,0.03,0.26,0.59,450,6.53,6.85,7.28,7.92,8.45
9443090,271,30,930,-0.32,-0.15,0.04,0.27,0.59,450,6.53,6.85,7.28,7.87,8.40
9443090,272,30,930,-0.32,-0.15,0.04,0.27,0.59,450,6.54,6.84,7.28,7.83,8.39
9443090,273,30,930,-0.33,-0.16,0.04,0.28,0.59,450,6.50,6.84,7.28,7.81,8.39
9443090,274,30,930,-0.35,-0.17,0.04,0.28,0.59,450,6.43,6.83,7.29,7.87,8.45
9443090,275,30,930,-0.36,-0.18,0.04,0.28,0.60,450,6.37,6.79,7.31,7.94,8.51
9443090,276,30,930,-0.37,-0.18,0.03,0.28,0.64,450,6.27,6.78,7.31,8.02,8.56
9443090,277,30,930,-0.38,-0.19,0.03,0.29,0.65,450,6.26,6.79,7.33,8.03,8.59
9443090,278,30,930,-0.39,-0.20,0.02,0.29,0.65,450,6.26,6.79,7.33,8.03,8.58
9443090,279,30,930,-0.39,-0.20,0.02,0.29,0.66,450,6.29,6.80,7.33,8.02,8.53
9443090,280,30,930,-0.40,-0.20,0.02,0.29,0.68,450,6.31,6.82,7.32,7.96,8.51
9443090,281,30,930,-0.41,-0.21,0.02,0.31,0.68,450,6.29,6.80,7.32,7.92,8.51
9443090,282,30,930,-0.41,-0.21,0.02,0.32,0.70,450,6.26,6.78,7.32,7.92,8.51
9443090,283,30,930,-0.43,-0.21,0.02,0.32,0.70,450,6.22,6.76,7.34,7.99,8.52
9443090,284,30,930,-0.45,-0.21,0.02,0.32,0.70,450,6.16,6.75,7.38,8.04,8.65
9443090,285,30,930,-0.47,-0.22,0.02,0.32,0.70,450,6.11,6.73,7.44,8.13,8.75
9443090,286,30,930,-0.48,-0.22,0.03,0.32,0.70,450,6.11,6.73,7.47,8.17,8.79
9443090,287,30,930,-0.48,-0.22,0.03,0.34,0.72,450,6.13,6.74,7.50,8.19,8.80
9443090,288,30,930,-0.48,-0.23,0.03,0.34,0.74,450,6.16,6.75,7.49,8.19,8.80
9443090,289,30,930,-0.49,-0.24,0.03,0.34,0.75,450,6.17,6.76,7.46,8.15,8.80
9443090,290,30,930,-0.51,-0.25,0.03,0.35,0.77,450,6.17,6.80,7.45,8.12,8.78
9443090,291,30,930,-0.51,-0.26,0.02,0.37,0.78,450,6.17,6.80,7.45,8.08,8.81
9443090,292,30,930,-0.52,-0.26,0.02,0.37,0.78,450,6.21,6.75,7.44,8.13,8.89
9443090,293,30,930,-0.52,-0.27,0.02,0.37,0.78,450,6.15,6.75,7.45,8.17,8.95
9443090,294,30,930,-0.51,-0.27,0.02,0.38,0.77,450,6.11,6.75,7.49,8.27,9.02
9443090,295,30,930,-0.51,-0.27,0.02,0.38,0.78,450,6.10,6.71,7.56,8.42,9.09
9443090,296,30,930,-0.51,-0.27,0.03,0.39,0.79,450,6.11,6.75,7.59,8.46,9.10
9443090,297,30,930,-0.51,-0.27,0.03,0.40,0.79,450,6.11,6.80,7.59,8.48,9.10
9443090,298,30,930,-0.52,-0.27,0.03,0.42,0.80,450,6.15,6.81,7.56,8.44,9.06
9443090,299,30,930,-0.52,-0.28,0.03,0.43,0.80,450,6.16,6.80,7.53,8.38,9.01
9443090,300,30,930,-0.52,-0.27,0.03,0.43,0.80,450,6.19,6.79,7.52,8.35,8.92
9443090,301,30,930,-0.52,-0.27,0.04,0.44,0.80,450,6.17,6.75,7.53,8.35,8.95
9443090,302,30,930,-0.52,-0.27,0.04,0.46,0.82,450,6.16,6.75,7.57,8.43,9.03
9443090,303,30,930,-0.51,-0.27,0.05,0.46,0.82,450,6.13,6.72,7.64,8.49,9.13
9443090,304,30,930,-0.51,-0.27,0.05,0.46,0.82,450,6.10,6.72,7.67,8.62,9.21
9443090,305,30,930,-0.51,-0.27,0.05,0.47,0.83,450,6.12,6.71,7.73,8.66,9.22
9443090,306,30,930,-0.51,-0.27,0.05,0.47,0.84,450,6.15,6.79,7.78,8.67,9.24
9443090,307,30,930,-0.50,-0.26,0.07,0.47,0.84,450,6.17,6.82,7.79,8.64,9.22
9443090,308,30,930,-0.51,-0.26,0.07,0.47,0.84,450,6.21,6.85,7.80,8.59,9.22
9443090,309,30,930,-0.51,-0.26,0.08,0.47,0.85,450,6.23,6.91,7.79,8.55,9.22
9443090,310,30,930,-0.51,-0.26,0.08,0.48,0.87,450,6.29,6.96,7.79,8.52,9.19
9443090,311,30,930,-0.52,-0.26,0.09,0.48,0.88,450,6.29,7.01,7.80,8.61,9.25
9443090,312,30,930,-0.53,-0.27,0.09,0.49,0.89,450,6.30,7.03,7.85,8.64,9.33
9443090,313,30,930,-0.54,-0.27,0.08,0.49,0.89,450,6.32,7.06,7.91,8.72,9.45
9443090,314,30,930,-0.54,-0.26,0.09,0.50,0.89,450,6.34,7.10,7.97,8.78,9.52
9443090,315,30,930,-0.54,-0.26,0.09,0.50,0.89,450,6.40,7.13,7.99,8.80,9.59
9443090,316,30,930,-0.53,-0.26,0.10,0.50,0.89,450,6.46,7.15,7.99,8.80,9.59
9443090,317,30,930,-0.53,-0.26,0.10,0.50,0.90,450,6.48,7.18,8.00,8.78,9.56
9443090,318,30,930,-0.53,-0.26,0.10,0.50,0.90,450,6.58,7.21,8.01,8.76,9.49
9443090,319,30,930,-0.54,-0.26,0.09,0.50,0.90,450,6.64,7.22,8.02,8.77,9.47
9443090,320,30,930,-0.54,-0.26,0.09,0.52,0.91,450,6.65,7.26,8.03,8.77,9.49
9443090,321,30,930,-0.54,-0.26,0.09,0.51,0.92,450,6.65,7.27,8.08,8.79,9.53
9443090,322,30,930,-0.53,-0.24,0.09,0.51,0.92,450,6.64,7.29,8.14,8.85,9.61
9443090,323,30,930,-0.54,-0.26,0.09,0.51,0.93,450,6.61,7.32,8.23,8.91,9.64
9443090,324,30,930,-0.55,-0.26,0.09,0.51,0.94,450,6.60,7.33,8.26,9.04,9.67
9443090,325,30,930,-0.56,-0.27,0.09,0.52,0.94,450,6.64,7.27,8.27,9.04,9.67
9443090,326,30,930,-0.58,-0.28,0.10,0.53,0.94,450,6.67,7.29,8.24,8.94,9.65
9443090,327,30,930,-0.60,-0.28,0.09,0.54,0.96,450,6.73,7.32,8.23,8.91,9.62
9443090,328,30,930,-0.60,-0.29,0.09,0.54,0.98,450,6.80,7.33,8.20,8.85,9.59
9443090,329,30,930,-0.61,-0.30,0.08,0.54,0.98,450,6.80,7.33,8.17,8.85,9.59
9443090,330,30,930,-0.63,-0.31,0.08,0.54,0.99,450,6.80,7.35,8.19,8.90,9.60
9443090,331,30,930,-0.64,-0.31,0.08,0.56,1.00,450,6.78,7.40,8.22,9.00,9.62
9443090,332,30,930,-0.64,-0.32,0.08,0.56,1.01,450,6.78,7.40,8.23,9.05,9.64
9443090,333,30,930,-0.64,-0.33,0.08,0.57,1.03,450,6.73,7.44,8.28,9.06,9.67
9443090,334,30,930,-0.65,-0.35,0.08,0.57,1.04,450,6.73,7.45,8.28,9.07,9.66
9443090,335,30,930,-0.66,-0.36,0.08,0.57,1.04,450,6.68,7.44,8.29,9.05,9.60
9443090,336,30,930,-0.68,-0.38,0.08,0.57,1.04,450,6.73,7.44,8.25,9.05,9.59
9443090,337,30,930,-0.70,-0.39,0.08,0.56,1.04,450,6.75,7.44,8.23,9.02,9.59
9443090,338,30,930,-0.70,-0.41,0.07,0.56,1.03,450,6.77,7.44,8.22,9.02,9.60
9443090,339,30,930,-0.71,-0.42,0.06,0.56,1.04,450,6.79,7.44,8.24,9.03,9.65
9443090,340,30,930,-0.71,-0.42,0.06,0.56,1.05,450,6.81,7.48,8.29,9.05,9.72
9443090,341,30,930,-0.72,-0.42,0.06,0.57,1.04,450,6.83,7.50,8.35,9.16,9.80
9443090,342,30,930,-0.73,-0.43,0.05,0.56,1.04,450,6.81,7.53,8.40,9.20,9.84
9443090,343,30,930,-0.76,-0.43,0.05,0.55,1.03,450,6.79,7.50,8.41,9.23,9.84
9443090,344,30,930,-0.77,-0.43,0.05,0.53,1.02,450,6.85,7.53,8.40,9.25,9.85
9443090,345,30,930,-0.77,-0.44,0.04,0.53,1.01,450,6.90,7.55,8.40,9.19,9.83
9443090,346,30,930,-0.77,-0.44,0.03,0.53,1.01,450,6.94,7.57,8.39,9.20,9.80
9443090,347,30,930,-0.77,-0.44,0.03,0.54,1.01,450,7.00,7.59,8.35,9.20,9.85
9443090,348,30,930,-0.78,-0.44,0.03,0.53,1.00,450,7.04,7.59,8.37,9.24,9.90
9443090,349,30,930,-0.78,-0.44,0.03,0.53,1.00,450,7.05,7.60,8.40,9.32,10.00
9443090,350,30,930,-0.79,-0.45,0.03,0.52,1.00,450,7.08,7.60,8.43,9.35,10.09
9443090,351,30,900,-0.79,-0.45,0.03,0.52,1.00,450,7.07,7.60,8.45,9.38,10.14
9443090,352,30,900,-0.79,-0.46,0.02,0.52,1.00,450,7.08,7.60,8.46,9.42,10.14
9443090,353,30,900,-0.79,-0.47,0.02,0.52,0.99,450,7.07,7.61,8.45,9.40,10.11
9443090,354,30,900,-0.79,-0.47,0.03,0.52,0.98,450,7.07,7.63,8.45,9.39,10.03
9443090,355,30,900,-0.79,-0.46,0.03,0.52,0.97,450,7.04,7.61,8.45,9.32,9.99
9443090,356,30,900,-0.79,-0.45,0.03,0.52,0.97,450,7.04,7.61,8.44,9.25,9.90
9443090,357,30,900,-0.78,-0.44,0.03,0.51,0.97,450,7.04,7.60,8.45,9.21,9.85
9443090,358,30,900,-0.77,-0.43,0.03,0.51,0.97,450,7.04,7.61,8.45,9.23,9.85
9443090,359,30,900,-0.77,-0.43,0.04,0.50,0.97,420,7.03,7.60,8.50,9.23,9.85
9443090,360,30,900,-0.76,-0.42,0.05,0.50,0.95,420,7.02,7.59,8.53,9.27,9.88
9443090,361,30,900,-0.75,-0.41,0.05,0.49,0.94,420,7.01,7.60,8.58,9.28,9.99
9443090,362,30,900,-0.76,-0.40,0.04,0.47,0.91,420,7.01,7.61,8.61,9.28,9.99
9443090,363,30,900,-0.76,-0.40,0.03,0.46,0.90,420,7.02,7.64,8.59,9.27,9.88
9443090,364,30,900,-0.76,-0.41,0.03,0.45,0.89,420,7.04,7.70,8.56,9.19,9.84
9443090,365,30,900,-0.77,-0.41,0.03,0.44,0.88,420,7.12,7.73,8.51,9.12,9.64
9443090,366,30,900,-0.79,-0.42,0.02,0.43,0.87,420,7.22,7.80,8.51,9.10,9.60
9444090,1,30,900,-0.65,-0.31,0.08,0.45,0.87,420,6.88,7.27,7.68,8.19,8.79
9444090,2,30,900,-0.65,-0.32,0.09,0.45,0.87,420,6.89,7.28,7.72,8.20,8.81
9444090,3,30,900,-0.65,-0.32,0.08,0.46,0.88,420,6.91,7.29,7.73,8.25,8.81
9444090,4,30,900,-0.65,-0.33,0.09,0.46,0.88,420,6.88,7.28,7.73,8.26,8.81
9444090,5,30,900,-0.66,-0.33,0.08,0.46,0.86,420,6.87,7.28,7.73,8.26,8.79
9444090,6,30,900,-0.66,-0.33,0.08,0.46,0.86,420,6.83,7.25,7.69,8.25,8.78
9444090,7,30,900,-0.65,-0.33,0.08,0.46,0.87,420,6.83,7.23,7.68,8.25,8.75
9444090,8,30,900,-0.64,-0.32,0.08,0.46,0.86,450,6.83,7.20,7.65,8.20,8.70
9444090,9,30,900,-0.62,-0.32,0.08,0.47,0.86,450,6.83,7.20,7.64,8.20,8.69
9444090,10,30,900,-0.62,-0.31,0.09,0.47,0.86,450,6.80,7.20,7.65,8.22,8.67
9444090,11,30,900,-0.63,-0.32,0.09,0.47,0.86,450,6.79,7.20,7.70,8.24,8.69
9444090,12,30,900,-0.62,-0.32,0.09,0.46,0.86,450,6.74,7.20,7.71,8.26,8.68
9444090,13,30,900,-0.62,-0.33,0.09,0.46,0.86,450,6.74,7.20,7.73,8.28,8.69
9444090,14,30,900,-0.63,-0.34,0.09,0.47,0.88,450,6.71,7.19,7.73,8.28,8.70
9444090,15,30,900,-0.64,-0.34,0.09,0.47,0.88,450,6.70,7.15,7.68,8.26,8.69
9444090,16,30,930,-0.65,-0.34,0.09,0.48,0.88,450,6.72,7.15,7.67,8.24,8.67
9444090,17,30,930,-0.65,-0.34,0.09,0.48,0.88,450,6.72,7.13,7.61,8.19,8.66
9444090,18,30,930,-0.65,-0.34,0.09,0.48,0.89,450,6.73,7.13,7.58,8.18,8.64
9444090,19,30,930,-0.65,-0.35,0.09,0.48,0.87,450,6.73,7.14,7.57,8.18,8.63
9444090,20,30,930,-0.65,-0.35,0.08,0.48,0.87,450,6.73,7.13,7.57,8.18,8.62
9444090,21,30,930,-0.64,-0.35,0.08,0.48,0.88,450,6.74,7.14,7.59,8.18,8.64
9444090,22,30,930,-0.65,-0.35,0.07,0.48,0.89,450,6.74,7.14,7.59,8.19,8.66
9444090,23,30,930,-0.65,-0.37,0.07,0.48,0.89,450,6.72,7.14,7.59,8.22,8.68
9444090,24,30,930,-0.66,-0.38,0.05,0.48,0.90,450,6.72,7.13,7.58,8.21,8.66
9444090,25,30,930,-0.67,-0.38,0.03,0.47,0.90,450,6.71,7.12,7.56,8.14,8.68
9444090,26,30,930,-0.68,-0.40,0.01,0.47,0.90,450,6.68,7.09,7.51,8.08,8.66
9444090,27,30,930,-0.68,-0.40,-0.01,0.46,0.89,450,6.69,7.06,7.47,8.02,8.62
9444090,28,30,930,-0.68,-0.41,-0.01,0.46,0.89,450,6.69,7.05,7.41,8.00,8.57
9444090,29,30,930,-0.67,-0.41,-0.01,0.45,0.89,450,6.69,7.05,7.41,7.93,8.51
9444090,30,30,930,-0.67,-0.41,-0.01,0.44,0.89,450,6.69,7.05,7.41,7.92,8.50
9444090,31,30,930,-0.67,-0.41,-0.01,0.44,0.89,450,6.66,7.04,7.40,7.89,8.50
9444090,32,30,930,-0.67,-0.41,-0.01,0.43,0.89,450,6.57,7.00,7.39,7.89,8.50
9444090,33,30,930,-0.66,-0.39,-0.01,0.43,0.89,450,6.52,6.98,7.36,7.88,8.46
9444090,34,30,930,-0.65,-0.39,-0.02,0.43,0.89,450,6.51,6.93,7.34,7.84,8.45
9444090,35,30,930,-0.65,-0.38,-0.01,0.42,0.89,450,6.48,6.90,7.31,7.80,8.41
9444090,36,30,930,-0.65,-0.37,-0.02,0.41,0.89,450,6.45,6.89,7.29,7.75,8.37
9444090,37,30,930,-0.65,-0.37,-0.02,0.40,0.87,450,6.44,6.88,7.28,7.72,8.28
9444090,38,30,930,-0.65,-0.37,-0.02,0.40,0.85,450,6.44,6.89,7.26,7.70,8.24
9444090,39,30,929,-0.65,-0.37,-0.03,0.39,0.85,450,6.43,6.87,7.26,7.70,8.16
9444090,40,30,928,-0.65,-0.38,-0.03,0.38,0.84,450,6.41,6.87,7.25,7.70,8.16
9444090,41,30,927,-0.65,-0.39,-0.04,0.37,0.84,450,6.40,6.85,7.25,7.70,8.16
9444090,42,30,926,-0.66,-0.39,-0.05,0.37,0.83,450,6.40,6.85,7.25,7.68,8.16
9444090,43,30,925,-0.67,-0.39,-0.05,0.37,0.84,450,6.40,6.84,7.23,7.67,8.14
9444090,44,30,924,-0.67,-0.39,-0.06,0.37,0.84,450,6.39,6.79,7.23,7.65,8.13
9444090,45,30,902,-0.67,-0.39,-0.06,0.36,0.83,450,6.37,6.76,7.22,7.63,8.13
9444090,46,30,902,-0.66,-0.39,-0.06,0.35,0.80,450,6.37,6.73,7.19,7.62,8.13
9444090,47,30,902,-0.65,-0.38,-0.06,0.35,0.80,449,6.37,6.71,7.18,7.58,8.13
9444090,48,30,902,-0.65,-0.37,-0.06,0.35,0.77,448,6.37,6.71,7.17,7.58,8.12
9444090,49,30,902,-0.65,-0.37,-0.05,0.36,0.77,447,6.39,6.71,7.16,7.57,8.11
9444090,50,30,902,-0.65,-0.36,-0.05,0.36,0.76,446,6.36,6.70,7.14,7.55,8.06
9444090,51,30,902,-0.65,-0.36,-0.05,0.34,0.76,445,6.33,6.70,7.10,7.55,8.03
9444090,52,30,902,-0.65,-0.35,-0.05,0.32,0.73,444,6.33,6.68,7.07,7.54,8.03
9444090,53,30,902,-0.65,-0.35,-0.06,0.32,0.74,422,6.33,6.67,7.05,7.52,8.00
9444090,54,30,902,-0.65,-0.35,-0.05,0.31,0.73,422,6.32,6.63,7.03,7.49,7.94
9444090,55,30,902,-0.65,-0.35,-0.05,0.31,0.72,422,6.28,6.61,7.02,7.47,7.91
9444090,56,30,902,-0.65,-0.34,-0.05,0.31,0.72,422,6.24,6.60,7.00,7.45,7.89
9444090,57,30,902,-0.65,-0.34,-0.05,0.32,0.73,422,6.20,6.58,7.00,7.46,7.88
9444090,58,30,902,-0.64,-0.34,-0.05,0.33,0.74,422,6.19,6.57,6.98,7.44,7.91
9444090,59,30,902,-0.64,-0.33,-0.04,0.34,0.75,422,6.10,6.55,6.92,7.41,7.91
9444090,60,30,902,-0.63,-0.33,-0.03,0.35,0.75,422,6.05,6.54,6.87,7.36,7.87
9444090,61,30,902,-0.62,-0.33,-0.03,0.35,0.75,422,6.03,6.52,6.85,7.26,7.82
9444090,62,30,902,-0.62,-0.33,-0.03,0.34,0.74,423,6.03,6.53,6.84,7.24,7.80
9444090,63,30,902,-0.61,-0.32,-0.03,0.33,0.73,424,6.08,6.51,6.83,7.22,7.77
9444090,64,30,902,-0.61,-0.32,-0.03,0.33,0.71,425,6.07,6.48,6.83,7.23,7.77
9444090,65,30,902,-0.61,-0.32,-0.02,0.33,0.71,426,6.07,6.48,6.83,7.24,7.77
9444090,66,30,902,-0.61,-0.32,-0.02,0.33,0.69,427,6.08,6.47,6.84,7.24,7.79
9444090,67,30,902,-0.61,-0.32,-0.02,0.33,0.69,428,6.08,6.47,6.84,7.24,7.81
9444090,68,30,902,-0.61,-0.32,-0.02,0.34,0.69,450,6.09,6.45,6.83,7.23,7.81
9444090,69,30,902,-0.61,-0.32,-0.01,0.34,0.69,450,6.09,6.44,6.80,7.21,7.81
9444090,70,30,903,-0.59,-0.31,-0.01,0.36,0.69,450,6.10,6.42,6.79,7.17,7.70
9444090,71,30,904,-0.57,-0.31,-0.01,0.36,0.68,450,6.12,6.41,6.78,7.15,7.63
9444090,72,30,905,-0.56,-0.30,-0.01,0.36,0.69,450,6.13,6.41,6.77,7.10,7.57
9444090,73,30,906,-0.54,-0.29,0.00,0.36,0.68,450,6.12,6.40,6.77,7.10,7.57
9444090,74,30,907,-0.54,-0.29,0.00,0.37,0.70,450,6.13,6.39,6.77,7.12,7.61
9444090,75,30,908,-0.55,-0.29,0.00,0.37,0.72,450,6.13,6.39,6.78,7.16,7.66
9444090,76,30,930,-0.55,-0.30,0.00,0.37,0.71,450,6.12,6.39,6.80,7.20,7.68
9444090,77,30,930,-0.55,-0.30,-0.01,0.36,0.70,450,6.11,6.38,6.80,7.25,7.68
9444090,78,30,930,-0.55,-0.31,-0.01,0.36,0.69,450,6.11,6.38,6.78,7.20,7.68
9444090,79,30,930,-0.55,-0.31,-0.01,0.36,0.69,450,6.11,6.37,6.77,7.19,7.66
9444090,80,30,930,-0.55,-0.31,-0.01,0.35,0.68,450,6.11,6.37,6.76,7.16,7.64
9444090,81,30,930,-0.55,-0.31,-0.01,0.34,0.68,450,6.10,6.37,6.75,7.16,7.62
9444090,82,30,930,-0.55,-0.32,-0.01,0.35,0.67,450,6.09,6.36,6.74,7.15,7.64
9444090,83,30,930,-0.55,-0.32,-0.01,0.36,0.68,450,6.07,6.36,6.75,7.19,7.66
9444090,84,30,930,-0.55,-0.31,-0.01,0.36,0.67,450,6.04,6.37,6.76,7.22,7.66
9444090,85,30,930,-0.55,-0.31,-0.01,0.36,0.67,450,5.99,6.37,6.76,7.25,7.68
9444090,86,30,930,-0.55,-0.30,0.01,0.36,0.67,450,5.97,6.37,6.74,7.26,7.69
9444090,87,30,930,-0.54,-0.29,0.01,0.36,0.66,450,5.94,6.33,6.72,7.25,7.69
9444090,88,30,930,-0.53,-0.29,0.01,0.36,0.65,450,5.91,6.31,6.66,7.16,7.68
9444090,89,30,930,-0.53,-0.29,0.01,0.35,0.63,450,5.92,6.29,6.64,7.12,7.62
9444090,90,30,930,-0.53,-0.28,0.01,0.34,0.62,450,5.95,6.31,6.66,7.10,7.55
9444090,91,30,930,-0.52,-0.29,0.01,0.34,0.61,450,5.97,6.31,6.66,7.07,7.54
9444090,92,30,930,-0.52,-0.29,0.01,0.34,0.61,450,5.97,6.32,6.67,7.08,7.53
9444090,93,30,930,-0.52,-0.29,0.01,0.34,0.62,450,5.97,6.33,6.69,7.10,7.55
9444090,94,30,930,-0.52,-0.29,0.00,0.33,0.60,450,5.99,6.33,6.70,7.11,7.58
9444090,95,30,930,-0.52,-0.30,0.00,0.32,0.60,450,5.99,6.32,6.70,7.11,7.58
9444090,96,30,930,-0.53,-0.30,0.00,0.31,0.59,450,6.02,6.33,6.69,7.10,7.56
9444090,97,30,930,-0.52,-0.30,-0.01,0.31,0.59,450,6.08,6.34,6.69,7.06,7.50
9444090,98,30,930,-0.52,-0.31,-0.02,0.30,0.58,450,6.09,6.33,6.68,7.04,7.45
9444090,99,30,930,-0.53,-0.31,-0.02,0.29,0.57,450,6.09,6.32,6.67,7.02,7.43
9444090,100,30,930,-0.53,-0.32,-0.04,0.28,0.56,450,6.09,6.31,6.68,7.03,7.42
9444090,101,30,930,-0.53,-0.32,-0.05,0.28,0.56,450,6.09,6.31,6.70,7.06,7.49
9444090,102,30,930,-0.55,-0.32,-0.05,0.28,0.55,450,6.12,6.35,6.73,7.08,7.53
9444090,103,30,930,-0.55,-0.32,-0.05,0.27,0.55,450,6.12,6.36,6.74,7.11,7.53
9444090,104,30,930,-0.54,-0.32,-0.06,0.26,0.54,450,6.10,6.37,6.76,7.12,7.57
9444090,105,30,930,-0.53,-0.32,-0.06,0.26,0.53,450,6.10,6.35,6.75,7.11,7.57
9444090,106,30,930,-0.53,-0.32,-0.07,0.24,0.52,450,6.07,6.31,6.73,7.08,7.54
9444090,107,30,930,-0.53,-0.32,-0.07,0.24,0.51,450,6.07,6.30,6.70,7.06,7.50
9444090,108,30,930,-0.53,-0.32,-0.07,0.22,0.50,450,6.04,6.29,6.69,7.04,7.43
9444090,109,30,930,-0.53,-0.32,-0.07,0.22,0.50,450,6.07,6.30,6.68,7.03,7.43
9444090,110,30,930,-0.53,-0.32,-0.07,0.22,0.48,450,6.07,6.30,6.68,7.04,7.49
9444090,111,30,930,-0.52,-0.32,-0.07,0.22,0.48,450,6.07,6.30,6.69,7.08,7.54
9444090,112,30,930,-0.52,-0.32,-0.07,0.21,0.47,450,6.06,6.30,6.69,7.11,7.57
9444090,113,30,930,-0.52,-0.32,-0.07,0.21,0.46,450,6.04,6.29,6.70,7.15,7.57
9444090,114,30,930,-0.52,-0.32,-0.08,0.20,0.44,450,6.01,6.29,6.69,7.14,7.56
9444090,115,30,930,-0.52,-0.33,-0.09,0.20,0.44,450,6.01,6.29,6.68,7.10,7.49
9444090,116,30,930,-0.52,-0.33,-0.09,0.20,0.44,450,6.05,6.31,6.67,7.08,7.43
9444090,117,30,930,-0.52,-0.33,-0.10,0.19,0.43,450,6.07,6.32,6.66,7.07,7.42
9444090,118,30,930,-0.52,-0.33,-0.10,0.17,0.42,450,6.09,6.33,6.66,7.07,7.42
9444090,119,30,930,-0.52,-0.33,-0.11,0.17,0.42,450,6.09,6.32,6.67,7.06,7.42
9444090,120,30,930,-0.52,-0.33,-0.11,0.16,0.40,450,6.09,6.34,6.69,7.07,7.45
9444090,121,30,930,-0.51,-0.33,-0.11,0.16,0.40,450,6.11,6.34,6.71,7.10,7.49
9444090,122,30,930,-0.51,-0.33,-0.11,0.16,0.40,450,6.12,6.35,6.71,7.11,7.53
9444090,123,30,930,-0.51,-0.32,-0.10,0.16,0.39,450,6.10,6.35,6.71,7.11,7.53
9444090,124,30,930,-0.51,-0.32,-0.10,0.15,0.39,450,6.10,6.35,6.70,7.11,7.53
9444090,125,30,930,-0.50,-0.31,-0.09,0.16,0.40,450,6.09,6.35,6.68,7.08,7.49
9444090,126,30,930,-0.50,-0.30,-0.08,0.16,0.40,450,6.10,6.35,6.68,7.05,7.46
9444090,127,30,930,-0.50,-0.30,-0.08,0.16,0.40,450,6.12,6.38,6.69,7.01,7.43
9444090,128,30,930,-0.49,-0.30,-0.08,0.16,0.40,450,6.14,6.41,6.69,7.02,7.43
9444090,129,30,930,-0.48,-0.29,-0.08,0.16,0.40,450,6.15,6.44,6.71,7.07,7.48
9444090,130,30,930,-0.47,-0.29,-0.08,0.16,0.38,450,6.20,6.46,6.73,7.14,7.55
9444090,131,30,930,-0.46,-0.28,-0.07,0.16,0.37,450,6.20,6.46,6.74,7.18,7.60
9444090,132,30,930,-0.46,-0.27,-0.07,0.16,0.36,450,6.23,6.48,6.75,7.26,7.64
9444090,133,30,930,-0.45,-0.27,-0.07,0.16,0.36,450,6.24,6.49,6.76,7.26,7.65
9444090,134,30,930,-0.44,-0.27,-0.07,0.16,0.36,450,6.27,6.51,6.76,7.22,7.62
9444090,135,30,930,-0.44,-0.26,-0.07,0.16,0.36,450,6.28,6.51,6.77,7.20,7.61
9444090,136,30,930,-0.44,-0.26,-0.06,0.16,0.36,450,6.28,6.51,6.78,7.20,7.60
9444090,137,30,930,-0.43,-0.26,-0.06,0.17,0.36,450,6.30,6.52,6.82,7.20,7.59
9444090,138,30,930,-0.42,-0.25,-0.06,0.18,0.37,450,6.31,6.54,6.83,7.25,7.62
9444090,139,30,930,-0.41,-0.25,-0.06,0.18,0.38,450,6.35,6.55,6.85,7.28,7.65
9444090,140,30,930,-0.41,-0.25,-0.05,0.17,0.38,450,6.36,6.56,6.87,7.35,7.73
9444090,141,30,930,-0.41,-0.24,-0.05,0.17,0.39,450,6.36,6.55,6.88,7.37,7.74
9444090,142,30,930,-0.40,-0.23,-0.04,0.17,0.39,450,6.37,6.55,6.88,7.39,7.76
9444090,143,30,930,-0.40,-0.23,-0.04,0.18,0.38,450,6.37,6.56,6.87,7.39,7.76
9444090,144,30,930,-0.39,-0.22,-0.03,0.18,0.39,450,6.38,6.56,6.86,7.38,7.76
9444090,145,30,930,-0.39,-0.21,-0.02,0.19,0.39,450,6.39,6.57,6.86,7.34,7.73
9444090,146,30,930,-0.39,-0.20,-0.02,0.20,0.39,450,6.40,6.59,6.87,7.31,7.70
9444090,147,30,930,-0.37,-0.19,-0.01,0.20,0.39,450,6.40,6.61,6.88,7.31,7.72
9444090,148,30,930,-0.37,-0.19,0.00,0.20,0.40,450,6.40,6.61,6.89,7.33,7.76
9444090,149,30,930,-0.36,-0.18,0.00,0.21,0.40,450,6.39,6.61,6.91,7.37,7.80
9444090,150,30,930,-0.36,-0.18,0.01,0.22,0.40,450,6.38,6.59,6.91,7.39,7.82
9444090,151,30,930,-0.35,-0.18,0.00,0.21,0.40,450,6.39,6.59,6.92,7.40,7.86
9444090,152,30,930,-0.35,-0.18,0.00,0.20,0.39,450,6.40,6.61,6.91,7.39,7.85
9444090,153,30,930,-0.34,-0.18,0.00,0.20,0.38,450,6.40,6.63,6.92,7.33,7.85
9444090,154,30,930,-0.34,-0.18,0.00,0.20,0.37,450,6.40,6.66,6.94,7.31,7.80
9444090,155,30,930,-0.34,-0.18,0.00,0.20,0.36,450,6.42,6.67,6.95,7.31,7.73
9444090,156,30,930,-0.33,-0.18,0.00,0.19,0.35,450,6.44,6.70,6.96,7.32,7.72
9444090,157,30,930,-0.33,-0.18,0.00,0.18,0.34,450,6.44,6.72,6.97,7.34,7.75
9444090,158,30,930,-0.33,-0.18,0.00,0.18,0.33,450,6.42,6.72,6.99,7.38,7.85
9444090,159,30,930,-0.33,-0.18,0.00,0.18,0.32,450,6.41,6.71,7.01,7.41,7.86
9444090,160,30,930,-0.33,-0.17,-0.01,0.18,0.32,450,6.41,6.69,7.00,7.44,7.90
9444090,161,30,930,-0.33,-0.17,-0.01,0.18,0.32,450,6.41,6.67,7.00,7.41,7.87
9444090,162,30,930,-0.33,-0.17,-0.01,0.17,0.32,450,6.42,6.68,7.00,7.38,7.85
9444090,163,30,930,-0.33,-0.17,-0.01,0.17,0.32,450,6.45,6.69,6.99,7.36,7.78
9444090,164,30,930,-0.33,-0.17,-0.01,0.17,0.32,450,6.46,6.70,7.00,7.35,7.75
9444090,165,30,930,-0.32,-0.17,0.00,0.17,0.32,450,6.46,6.70,7.01,7.35,7.72
9444090,166,30,930,-0.32,-0.16,0.00,0.17,0.32,450,6.48,6.71,7.01,7.35,7.70
9444090,167,30,930,-0.31,-0.16,0.00,0.17,0.32,450,6.47,6.70,7.02,7.36,7.72
9444090,168,30,930,-0.30,-0.16,0.01,0.17,0.32,450,6.45,6.67,7.02,7.40,7.78
9444090,169,30,930,-0.30,-0.15,0.01,0.17,0.31,450,6.42,6.65,7.01,7.42,7.81
9444090,170,30,930,-0.28,-0.15,0.02,0.17,0.30,450,6.41,6.64,7.01,7.41,7.84
9444090,171,30,930,-0.27,-0.14,0.02,0.17,0.29,450,6.41,6.64,7.01,7.37,7.85
9444090,172,30,930,-0.27,-0.15,0.02,0.17,0.29,450,6.42,6.65,7.01,7.33,7.78
9444090,173,30,930,-0.27,-0.15,0.01,0.16,0.29,450,6.45,6.66,7.01,7.33,7.75
9444090,174,30,930,-0.28,-0.15,0.01,0.16,0.28,450,6.48,6.66,7.02,7.34,7.74
9444090,175,30,930,-0.27,-0.15,0.01,0.16,0.28,450,6.43,6.66,7.03,7.37,7.74
9444090,176,30,930,-0.27,-0.14,0.01,0.16,0.28,450,6.40,6.66,7.03,7.39,7.79
9444090,177,30,930,-0.27,-0.14,0.01,0.15,0.28,450,6.40,6.66,7.04,7.43,7.86
9444090,178,30,930,-0.27,-0.14,0.01,0.15,0.28,450,6.39,6.65,7.05,7.48,7.92
9444090,179,30,930,-0.26,-0.14,0.01,0.15,0.28,450,6.40,6.64,7.04,7.48,7.92
9444090,180,30,930,-0.26,-0.14,0.01,0.15,0.28,450,6.42,6.64,7.03,7.47,7.91
9444090,181,30,930,-0.26,-0.14,0.01,0.15,0.27,450,6.46,6.65,7.02,7.43,7.88
9444090,182,30,930,-0.25,-0.13,0.01,0.15,0.28,450,6.47,6.67,7.03,7.42,7.84
9444090,183,30,930,-0.24,-0.13,0.01,0.15,0.28,450,6.50,6.71,7.03,7.41,7.81
9444090,184,30,930,-0.24,-0.13,0.02,0.15,0.28,450,6.52,6.74,7.04,7.43,7.81
9444090,185,30,930,-0.23,-0.12,0.02,0.15,0.28,450,6.52,6.74,7.05,7.45,7.87
9444090,186,30,930,-0.23,-0.12,0.03,0.16,0.29,450,6.47,6.73,7.05,7.51,7.92
9444090,187,30,930,-0.22,-0.11,0.03,0.16,0.31,450,6.45,6.70,7.05,7.56,7.97
9444090,188,30,930,-0.22,-0.10,0.03,0.16,0.31,450,6.42,6.69,7.04,7.56,7.99
9444090,189,30,930,-0.21,-0.10,0.03,0.16,0.32,450,6.44,6.69,7.03,7.56,7.96
9444090,190,30,930,-0.21,-0.10,0.03,0.16,0.32,450,6.46,6.70,7.02,7.51,7.94
9444090,191,30,930,-0.21,-0.10,0.03,0.16,0.32,450,6.47,6.72,7.03,7.45,7.91
9444090,192,30,930,-0.21,-0.09,0.03,0.16,0.32,450,6.49,6.74,7.05,7.43,7.88
9444090,193,30,930,-0.21,-0.09,0.03,0.16,0.32,450,6.52,6.76,7.07,7.43,7.77
9444090,194,30,930,-0.20,-0.09,0.03,0.17,0.31,450,6.52,6.76,7.08,7.43,7.78
9444090,195,30,930,-0.20,-0.09,0.03,0.17,0.31,450,6.50,6.76,7.09,7.44,7.87
9444090,196,30,930,-0.20,-0.09,0.03,0.17,0.31,450,6.47,6.76,7.10,7.45,7.89
9444090,197,30,930,-0.20,-0.09,0.03,0.17,0.31,450,6.46,6.73,7.10,7.51,7.92
9444090,198,30,930,-0.20,-0.09,0.03,0.17,0.31,450,6.45,6.72,7.09,7.52,7.91
9444090,199,30,930,-0.20,-0.09,0.03,0.17,0.31,450,6.45,6.72,7.07,7.46,7.89
9444090,200,30,930,-0.20,-0.09,0.03,0.17,0.31,450,6.49,6.74,7.07,7.42,7.80
9444090,201,30,930,-0.20,-0.09,0.03,0.17,0.32,450,6.50,6.76,7.07,7.39,7.73
9444090,202,30,930,-0.20,-0.08,0.03,0.17,0.32,450,6.52,6.78,7.07,7.38,7.68
9444090,203,30,930,-0.19,-0.08,0.03,0.17,0.32,450,6.52,6.79,7.08,7.38,7.66
9444090,204,30,930,-0.19,-0.07,0.04,0.18,0.32,450,6.51,6.79,7.08,7.40,7.67
9444090,205,30,930,-0.19,-0.07,0.05,0.19,0.32,450,6.49,6.76,7.09,7.40,7.69
9444090,206,30,930,-0.18,-0.07,0.05,0.20,0.33,450,6.44,6.73,7.07,7.42,7.73
9444090,207,30,930,-0.18,-0.07,0.05,0.20,0.33,450,6.44,6.72,7.03,7.42,7.75
9444090,208,30,930,-0.17,-0.06,0.05,0.20,0.32,450,6.44,6.72,7.01,7.40,7.75
9444090,209,30,930,-0.17,-0.07,0.05,0.20,0.31,450,6.47,6.72,7.00,7.37,7.71
9444090,210,30,930,-0.17,-0.07,0.05,0.20,0.31,450,6.49,6.72,6.99,7.35,7.65
9444090,211,30,930,-0.17,-0.07,0.05,0.20,0.32,450,6.51,6.72,7.00,7.35,7.61
9444090,212,30,930,-0.16,-0.07,0.05,0.19,0.32,450,6.51,6.73,7.00,7.35,7.61
9444090,213,30,930,-0.16,-0.06,0.05,0.20,0.31,450,6.49,6.73,7.01,7.36,7.62
9444090,214,30,930,-0.16,-0.06,0.04,0.20,0.31,450,6.44,6.72,7.02,7.38,7.66
9444090,215,30,930,-0.16,-0.06,0.04,0.19,0.31,450,6.44,6.70,7.02,7.40,7.69
9444090,216,30,930,-0.16,-0.06,0.04,0.19,0.31,450,6.44,6.67,7.01,7.41,7.69
9444090,217,30,930,-0.16,-0.07,0.04,0.19,0.30,450,6.44,6.66,7.00,7.37,7.69
9444090,218,30,930,-0.16,-0.07,0.04,0.18,0.30,450,6.44,6.65,6.96,7.35,7.67
9444090,219,30,930,-0.17,-0.07,0.04,0.18,0.30,450,6.45,6.65,6.94,7.31,7.60
9444090,220,30,930,-0.17,-0.07,0.03,0.18,0.30,450,6.46,6.66,6.94,7.28,7.57
9444090,221,30,930,-0.16,-0.06,0.03,0.18,0.30,450,6.47,6.66,6.94,7.27,7.56
9444090,222,30,930,-0.16,-0.06,0.03,0.18,0.30,450,6.45,6.67,6.95,7.27,7.56
9444090,223,30,930,-0.16,-0.07,0.03,0.18,0.30,450,6.44,6.65,6.94,7.26,7.56
9444090,224,30,930,-0.16,-0.07,0.03,0.17,0.30,450,6.38,6.63,6.93,7.26,7.57
9444090,225,30,930,-0.17,-0.07,0.03,0.17,0.30,450,6.36,6.59,6.92,7.25,7.56
9444090,226,30,930,-0.17,-0.07,0.03,0.17,0.30,450,6.36,6.56,6.89,7.23,7.55
9444090,227,30,930,-0.17,-0.07,0.03,0.17,0.29,450,6.35,6.54,6.86,7.21,7.54
9444090,228,30,930,-0.18,-0.07,0.03,0.17,0.30,450,6.36,6.54,6.84,7.20,7.52
9444090,229,30,930,-0.19,-0.07,0.03,0.16,0.30,450,6.37,6.54,6.83,7.18,7.50
9444090,230,30,930,-0.20,-0.08,0.02,0.16,0.30,450,6.36,6.54,6.82,7.16,7.46
9444090,231,30,930,-0.21,-0.09,0.02,0.16,0.30,450,6.35,6.53,6.83,7.15,7.43
9444090,232,30,930,-0.21,-0.09,0.01,0.16,0.29,450,6.32,6.50,6.83,7.15,7.42
9444090,233,30,930,-0.23,-0.09,0.01,0.15,0.29,450,6.27,6.48,6.81,7.14,7.42
9444090,234,30,930,-0.24,-0.10,0.01,0.15,0.28,450,6.25,6.46,6.79,7.13,7.41
9444090,235,30,930,-0.25,-0.12,0.00,0.14,0.28,450,6.23,6.46,6.76,7.11,7.40
9444090,236,30,930,-0.25,-0.12,-0.01,0.13,0.26,450,6.21,6.45,6.75,7.07,7.39
9444090,237,30,930,-0.26,-0.13,-0.01,0.12,0.26,450,6.19,6.43,6.74,7.07,7.37
9444090,238,30,930,-0.26,-0.13,-0.01,0.12,0.26,450,6.21,6.42,6.73,7.06,7.36
9444090,239,30,930,-0.27,-0.14,-0.02,0.11,0.25,450,6.20,6.42,6.72,7.06,7.34
9444090,240,30,930,-0.27,-0.15,-0.02,0.10,0.25,450,6.19,6.41,6.70,7.05,7.34
9444090,241,30,930,-0.28,-0.16,-0.02,0.10,0.24,450,6.18,6.39,6.68,7.04,7.30
9444090,242,30,930,-0.28,-0.16,-0.03,0.10,0.24,450,6.15,6.37,6.68,6.98,7.27
9444090,243,30,930,-0.28,-0.17,-0.03,0.10,0.24,450,6.13,6.35,6.66,6.96,7.25
9444090,244,30,930,-0.28,-0.17,-0.03,0.10,0.25,450,6.10,6.32,6.64,6.94,7.21
9444090,245,30,930,-0.29,-0.18,-0.04,0.10,0.25,450,6.06,6.30,6.61,6.92,7.19
9444090,246,30,930,-0.29,-0.18,-0.04,0.10,0.26,450,6.05,6.28,6.59,6.91,7.17
9444090,247,30,930,-0.30,-0.18,-0.04,0.10,0.27,450,6.02,6.27,6.59,6.90,7.16
9444090,248,30,930,-0.31,-0.19,-0.04,0.10,0.27,450,6.01,6.26,6.58,6.90,7.15
9444090,249,30,930,-0.32,-0.20,-0.05,0.10,0.27,450,6.00,6.24,6.58,6.91,7.14
9444090,250,30,930,-0.33,-0.21,-0.05,0.10,0.27,450,6.00,6.23,6.58,6.90,7.13
9444090,251,30,930,-0.33,-0.22,-0.06,0.10,0.27,450,6.00,6.23,6.55,6.88,7.12
9444090,252,30,930,-0.34,-0.22,-0.07,0.09,0.28,450,6.00,6.23,6.55,6.86,7.09
9444090,253,30,930,-0.36,-0.23,-0.07,0.09,0.28,450,5.98,6.22,6.54,6.85,7.07
9444090,254,30,930,-0.36,-0.24,-0.08,0.09,0.29,450,5.97,6.22,6.54,6.84,7.07
9444090,255,30,930,-0.36,-0.25,-0.08,0.09,0.29,450,5.96,6.20,6.53,6.85,7.08
9444090,256,30,930,-0.37,-0.25,-0.08,0.09,0.29,450,5.94,6.17,6.53,6.86,7.13
9444090,257,30,930,-0.38,-0.25,-0.09,0.09,0.29,450,5.90,6.15,6.53,6.87,7.19
9444090,258,30,930,-0.38,-0.26,-0.09,0.09,0.29,450,5.88,6.14,6.53,6.87,7.20
9444090,259,30,930,-0.38,-0.26,-0.10,0.08,0.29,450,5.87,6.14,6.52,6.87,7.20
9444090,260,30,929,-0.39,-0.26,-0.10,0.08,0.29,450,5.86,6.13,6.48,6.85,7.19
9444090,261,30,928,-0.39,-0.27,-0.10,0.08,0.29,450,5.86,6.13,6.45,6.82,7.17
9444090,262,30,927,-0.40,-0.27,-0.11,0.08,0.29,450,5.85,6.13,6.44,6.81,7.15
9444090,263,30,926,-0.41,-0.28,-0.12,0.08,0.30,450,5.85,6.12,6.43,6.79,7.17
9444090,264,30,925,-0.43,-0.28,-0.12,0.08,0.30,450,5.83,6.11,6.43,6.79,7.19
9444090,265,30,924,-0.43,-0.28,-0.13,0.08,0.30,450,5.82,6.11,6.43,6.81,7.22
9444090,266,30,923,-0.44,-0.29,-0.13,0.09,0.31,450,5.81,6.11,6.44,6.83,7.29
9444090,267,30,922,-0.44,-0.29,-0.13,0.09,0.31,450,5.81,6.09,6.44,6.86,7.35
9444090,268,30,921,-0.45,-0.30,-0.13,0.09,0.32,449,5.81,6.09,6.43,6.86,7.36
9444090,269,30,920,-0.46,-0.30,-0.14,0.09,0.32,448,5.82,6.08,6.41,6.85,7.35
9444090,270,30,919,-0.47,-0.31,-0.14,0.09,0.34,447,5.82,6.05,6.39,6.83,7.33
9444090,271,30,918,-0.47,-0.32,-0.14,0.10,0.34,446,5.83,6.07,6.38,6.80,7.28
9444090,272,30,917,-0.48,-0.32,-0.14,0.09,0.35,445,5.85,6.08,6.38,6.79,7.23
9444090,273,30,916,-0.49,-0.33,-0.15,0.09,0.35,444,5.85,6.09,6.40,6.79,7.24
9444090,274,30,915,-0.50,-0.33,-0.15,0.09,0.35,443,5.85,6.10,6.42,6.83,7.26
9444090,275,30,914,-0.50,-0.34,-0.15,0.09,0.35,442,5.87,6.13,6.44,6.88,7.30
9444090,276,30,913,-0.51,-0.35,-0.16,0.09,0.35,441,5.88,6.14,6.47,6.92,7.35
9444090,277,30,912,-0.52,-0.36,-0.16,0.09,0.36,440,5.88,6.14,6.50,6.93,7.36
9444090,278,30,911,-0.53,-0.36,-0.17,0.09,0.36,439,5.89,6.15,6.51,6.94,7.35
9444090,279,30,910,-0.53,-0.37,-0.17,0.09,0.39,438,5.90,6.15,6.51,6.92,7.29
9444090,280,30,909,-0.53,-0.37,-0.17,0.09,0.39,437,5.93,6.15,6.47,6.91,7.27
9444090,281,30,908,-0.54,-0.37,-0.17,0.09,0.40,436,5.89,6.14,6.47,6.91,7.27
9444090,282,30,907,-0.55,-0.37,-0.17,0.09,0.40,435,5.89,6.15,6.47,6.92,7.28
9444090,283,30,906,-0.56,-0.37,-0.17,0.09,0.41,435,5.87,6.15,6.49,6.95,7.34
9444090,284,30,905,-0.58,-0.37,-0.17,0.09,0.42,435,5.88,6.17,6.53,6.99,7.42
9444090,285,30,904,-0.59,-0.39,-0.17,0.09,0.42,435,5.86,6.17,6.57,7.07,7.48
9444090,286,30,903,-0.61,-0.40,-0.17,0.10,0.41,435,5.86,6.17,6.60,7.10,7.54
9444090,287,30,902,-0.61,-0.40,-0.17,0.10,0.44,435,5.89,6.17,6.62,7.13,7.54
9444090,288,30,901,-0.62,-0.41,-0.18,0.11,0.44,435,5.90,6.17,6.61,7.12,7.56
9444090,289,30,900,-0.63,-0.42,-0.18,0.10,0.45,435,5.92,6.20,6.60,7.11,7.56
9444090,290,30,899,-0.64,-0.43,-0.18,0.10,0.49,435,5.93,6.20,6.61,7.10,7.54
9444090,291,30,900,-0.64,-0.44,-0.18,0.11,0.49,435,5.96,6.20,6.60,7.10,7.56
9444090,292,30,901,-0.65,-0.45,-0.18,0.12,0.49,435,5.96,6.21,6.61,7.11,7.60
9444090,293,30,902,-0.65,-0.45,-0.18,0.12,0.48,435,5.93,6.23,6.64,7.19,7.65
9444090,294,30,903,-0.65,-0.45,-0.18,0.13,0.45,435,5.96,6.24,6.72,7.26,7.70
9444090,295,30,904,-0.65,-0.44,-0.18,0.13,0.45,435,5.99,6.25,6.74,7.31,7.73
9444090,296,30,905,-0.65,-0.45,-0.18,0.14,0.48,435,6.00,6.27,6.77,7.31,7.73
9444090,297,30,906,-0.65,-0.45,-0.18,0.15,0.49,435,6.02,6.27,6.77,7.31,7.72
9444090,298,30,907,-0.65,-0.45,-0.18,0.16,0.50,435,6.02,6.27,6.74,7.30,7.71
9444090,299,30,908,-0.65,-0.44,-0.17,0.16,0.51,436,6.03,6.27,6.73,7.22,7.67
9444090,300,30,909,-0.65,-0.44,-0.17,0.16,0.51,437,6.05,6.30,6.73,7.20,7.61
9444090,301,30,910,-0.65,-0.44,-0.17,0.18,0.51,438,6.08,6.33,6.74,7.20,7.62
9444090,302,30,911,-0.65,-0.44,-0.17,0.20,0.52,439,6.09,6.37,6.78,7.26,7.67
9444090,303,30,912,-0.65,-0.44,-0.16,0.21,0.52,440,6.09,6.38,6.81,7.31,7.77
9444090,304,30,913,-0.64,-0.44,-0.16,0.22,0.52,441,6.09,6.39,6.83,7.36,7.84
9444090,305,30,914,-0.64,-0.43,-0.15,0.23,0.53,442,6.11,6.43,6.83,7.40,7.85
9444090,306,30,915,-0.64,-0.43,-0.14,0.24,0.54,443,6.13,6.44,6.85,7.41,7.85
9444090,307,30,916,-0.64,-0.43,-0.13,0.24,0.55,444,6.15,6.50,6.87,7.40,7.84
9444090,308,30,917,-0.64,-0.43,-0.12,0.24,0.55,445,6.19,6.53,6.90,7.41,7.84
9444090,309,30,918,-0.64,-0.43,-0.11,0.25,0.57,446,6.20,6.54,6.93,7.42,7.84
9444090,310,30,919,-0.64,-0.43,-0.11,0.25,0.61,447,6.21,6.56,6.95,7.42,7.85
9444090,311,30,919,-0.65,-0.43,-0.10,0.26,0.65,448,6.26,6.58,6.98,7.47,7.96
9444090,312,30,919,-0.65,-0.42,-0.10,0.28,0.67,449,6.32,6.62,7.01,7.51,8.03
9444090,313,30,919,-0.65,-0.42,-0.10,0.28,0.69,450,6.38,6.65,7.05,7.55,8.11
9444090,314,30,919,-0.66,-0.40,-0.08,0.28,0.69,450,6.40,6.70,7.10,7.60,8.14
9444090,315,30,919,-0.65,-0.40,-0.07,0.28,0.70,450,6.44,6.73,7.12,7.62,8.20
9444090,316,30,919,-0.64,-0.40,-0.06,0.29,0.71,450,6.46,6.76,7.14,7.60,8.19
9444090,317,30,920,-0.64,-0.38,-0.06,0.29,0.73,450,6.48,6.77,7.17,7.63,8.19
9444090,318,30,921,-0.64,-0.38,-0.06,0.29,0.73,450,6.51,6.79,7.19,7.63,8.19
9444090,319,30,922,-0.63,-0.38,-0.06,0.32,0.74,449,6.54,6.83,7.21,7.66,8.20
9444090,320,30,923,-0.63,-0.38,-0.06,0.32,0.73,448,6.56,6.86,7.23,7.73,8.26
9444090,321,30,924,-0.61,-0.36,-0.05,0.33,0.74,447,6.56,6.89,7.28,7.83,8.30
9444090,322,30,924,-0.61,-0.35,-0.04,0.34,0.74,446,6.56,6.92,7.32,7.88,8.34
9444090,323,30,924,-0.61,-0.35,-0.04,0.36,0.74,445,6.54,6.95,7.36,7.90,8.35
9444090,324,30,924,-0.61,-0.35,-0.04,0.36,0.75,444,6.54,6.96,7.37,7.95,8.38
9444090,325,30,924,-0.63,-0.36,-0.03,0.37,0.76,444,6.56,6.97,7.37,7.96,8.37
9444090,326,30,924,-0.64,-0.37,-0.03,0.39,0.76,444,6.57,6.97,7.37,7.94,8.35
9444090,327,30,924,-0.64,-0.37,-0.03,0.40,0.79,444,6.58,6.97,7.38,7.94,8.35
9444090,328,30,924,-0.67,-0.37,-0.02,0.41,0.80,444,6.61,6.98,7.39,7.92,8.35
9444090,329,30,924,-0.68,-0.37,-0.03,0.42,0.80,444,6.62,6.98,7.40,7.94,8.36
9444090,330,30,924,-0.69,-0.38,-0.02,0.42,0.81,444,6.62,7.00,7.42,8.01,8.40
9444090,331,30,924,-0.69,-0.37,-0.02,0.43,0.85,444,6.63,6.99,7.45,8.04,8.43
9444090,332,30,924,-0.69,-0.38,-0.01,0.43,0.87,444,6.62,6.99,7.47,8.04,8.43
9444090,333,30,924,-0.69,-0.38,-0.01,0.45,0.89,444,6.65,6.99,7.47,8.04,8.43
9444090,334,30,924,-0.69,-0.38,0.00,0.45,0.92,445,6.64,6.99,7.47,8.04,8.40
9444090,335,30,924,-0.70,-0.38,0.00,0.46,0.93,446,6.64,6.99,7.47,8.03,8.40
9444090,336,30,924,-0.70,-0.39,0.00,0.48,0.93,447,6.64,6.98,7.45,8.01,8.37
9444090,337,30,924,-0.71,-0.40,0.00,0.48,0.96,448,6.65,6.98,7.44,7.99,8.37
9444090,338,30,924,-0.71,-0.41,0.00,0.48,0.96,449,6.66,6.99,7.48,8.00,8.45
9444090,339,30,924,-0.71,-0.41,0.01,0.49,0.98,450,6.70,7.02,7.51,8.01,8.55
9444090,340,30,924,-0.71,-0.42,0.01,0.49,0.98,450,6.70,7.04,7.56,8.04,8.67
9444090,341,30,924,-0.71,-0.41,0.02,0.49,0.97,450,6.70,7.05,7.60,8.07,8.69
9444090,342,30,925,-0.72,-0.41,0.02,0.49,0.98,450,6.69,7.06,7.65,8.14,8.69
9444090,343,30,926,-0.72,-0.43,0.02,0.49,0.96,450,6.70,7.10,7.66,8.14,8.70
9444090,344,30,927,-0.72,-0.43,0.02,0.48,0.96,450,6.71,7.10,7.66,8.16,8.69
9444090,345,30,928,-0.72,-0.43,0.02,0.48,0.95,450,6.72,7.10,7.67,8.16,8.69
9444090,346,30,929,-0.72,-0.42,0.02,0.48,0.95,450,6.78,7.15,7.68,8.19,8.69
9444090,347,30,930,-0.72,-0.41,0.02,0.49,0.93,450,6.78,7.15,7.71,8.20,8.71
9444090,348,30,930,-0.72,-0.40,0.03,0.49,0.93,450,6.78,7.17,7.72,8.25,8.77
9444090,349,30,930,-0.72,-0.40,0.03,0.48,0.93,450,6.80,7.20,7.74,8.30,8.82
9444090,350,30,930,-0.72,-0.40,0.03,0.48,0.93,450,6.81,7.21,7.76,8.35,8.85
9444090,351,30,900,-0.73,-0.40,0.03,0.48,0.94,450,6.81,7.22,7.77,8.37,8.86
9444090,352,30,900,-0.73,-0.40,0.03,0.49,0.94,450,6.80,7.22,7.78,8.38,8.87
9444090,353,30,900,-0.72,-0.41,0.03,0.49,0.95,450,6.80,7.21,7.77,8.37,8.84
9444090,354,30,900,-0.72,-0.40,0.04,0.49,0.94,450,6.79,7.21,7.75,8.32,8.82
9444090,355,30,900,-0.71,-0.38,0.05,0.49,0.95,450,6.79,7.21,7.71,8.29,8.79
9444090,356,30,900,-0.71,-0.38,0.05,0.49,0.95,450,6.79,7.21,7.69,8.25,8.79
9444090,357,30,900,-0.69,-0.36,0.05,0.49,0.94,450,6.80,7.22,7.68,8.25,8.75
9444090,358,30,900,-0.68,-0.34,0.06,0.49,0.93,450,6.79,7.23,7.71,8.25,8.79
9444090,359,30,900,-0.66,-0.33,0.07,0.49,0.93,420,6.80,7.23,7.71,8.25,8.81
9444090,360,30,900,-0.65,-0.31,0.08,0.49,0.92,420,6.78,7.23,7.69,8.27,8.82
9444090,361,30,900,-0.63,-0.30,0.09,0.49,0.92,420,6.77,7.23,7.69,8.25,8.85
9444090,362,30,900,-0.62,-0.30,0.09,0.49,0.91,420,6.77,7.24,7.68,8.24,8.84
9444090,363,30,900,-0.63,-0.29,0.09,0.48,0.90,420,6.79,7.23,7.68,8.19,8.81
9444090,364,30,900,-0.63,-0.30,0.09,0.47,0.90,420,6.79,7.24,7.67,8.13,8.78
9444090,365,30,900,-0.64,-0.30,0.09,0.46,0.89,420,6.81,7.24,7.67,8.11,8.75
9444090,366,30,900,-0.65,-0.31,0.09,0.45,0.88,420,6.88,7.25,7.67,8.13,8.75
9449880,1,30,900,-0.64,-0.33,0.04,0.43,0.83,420,7.71,8.05,8.50,9.00,9.43
9449880,2,30,900,-0.65,-0.33,0.04,0.43,0.83,420,7.77,8.07,8.50,9.01,9.41
9449880,3,30,900,-0.65,-0.33,0.04,0.43,0.84,420,7.77,8.07,8.49,9.00,9.39
9449880,4,30,900,-0.64,-0.34,0.04,0.43,0.84,420,7.77,8.05,8.46,8.96,9.39
9449880,5,30,900,-0.64,-0.34,0.04,0.43,0.83,420,7.71,8.04,8.45,8.95,9.38
9449880,6,30,900,-0.63,-0.34,0.05,0.43,0.84,420,7.69,8.02,8.41,8.93,9.39
9449880,7,30,900,-0.62,-0.34,0.04,0.43,0.84,420,7.68,8.00,8.42,8.93,9.39
9449880,8,30,900,-0.61,-0.34,0.05,0.43,0.83,450,7.68,8.00,8.40,8.93,9.38
9449880,9,30,900,-0.60,-0.32,0.05,0.43,0.83,450,7.69,8.01,8.42,8.92,9.37
9449880,10,30,900,-0.59,-0.32,0.06,0.44,0.83,450,7.69,8.02,8.42,8.91,9.35
9449880,11,30,900,-0.59,-0.32,0.06,0.43,0.83,450,7.69,8.02,8.42,8.92,9.35
9449880,12,30,900,-0.59,-0.33,0.07,0.43,0.83,450,7.66,8.02,8.43,8.91,9.35
9449880,13,30,900,-0.59,-0.33,0.06,0.43,0.83,450,7.64,8.02,8.44,8.90,9.31
9449880,14,30,900,-0.59,-0.33,0.06,0.44,0.85,450,7.63,8.01,8.43,8.92,9.31
9449880,15,30,900,-0.60,-0.34,0.07,0.44,0.85,450,7.60,7.98,8.42,8.88,9.30
9449880,16,30,930,-0.60,-0.34,0.07,0.44,0.85,450,7.56,7.95,8.40,8.88,9.26
9449880,17,30,930,-0.60,-0.34,0.06,0.44,0.84,450,7.55,7.93,8.40,8.87,9.25
9449880,18,30,930,-0.60,-0.34,0.06,0.44,0.84,450,7.54,7.94,8.40,8.84,9.24
9449880,19,30,930,-0.61,-0.35,0.05,0.44,0.83,450,7.55,7.94,8.39,8.83,9.24
9449880,20,30,930,-0.61,-0.35,0.04,0.44,0.83,450,7.56,7.94,8.38,8.79,9.22
9449880,21,30,930,-0.61,-0.35,0.04,0.44,0.85,450,7.56,7.91,8.38,8.79,9.16
9449880,22,30,930,-0.61,-0.35,0.04,0.44,0.85,450,7.56,7.90,8.36,8.79,9.16
9449880,23,30,930,-0.62,-0.35,0.04,0.44,0.85,450,7.54,7.88,8.36,8.79,9.16
9449880,24,30,930,-0.62,-0.35,0.03,0.43,0.85,450,7.52,7.85,8.33,8.79,9.16
9449880,25,30,930,-0.62,-0.36,0.02,0.42,0.85,450,7.49,7.82,8.31,8.78,9.14
9449880,26,30,930,-0.62,-0.36,0.00,0.41,0.86,450,7.46,7.81,8.31,8.75,9.14
9449880,27,30,930,-0.62,-0.37,-0.01,0.40,0.85,450,7.40,7.80,8.29,8.74,9.12
9449880,28,30,930,-0.62,-0.37,-0.01,0.40,0.85,450,7.41,7.77,8.25,8.73,9.11
9449880,29,30,930,-0.62,-0.36,0.00,0.40,0.85,450,7.41,7.76,8.23,8.70,9.07
9449880,30,30,930,-0.62,-0.36,0.00,0.39,0.85,450,7.41,7.75,8.21,8.67,9.07
9449880,31,30,930,-0.60,-0.36,0.01,0.40,0.85,450,7.41,7.73,8.18,8.64,9.07
9449880,32,30,930,-0.60,-0.36,0.01,0.41,0.85,450,7.40,7.71,8.12,8.60,9.04
9449880,33,30,930,-0.59,-0.35,0.02,0.41,0.85,450,7.35,7.67,8.07,8.55,9.03
9449880,34,30,930,-0.59,-0.35,0.01,0.40,0.85,450,7.28,7.65,8.02,8.52,9.03
9449880,35,30,930,-0.59,-0.34,0.02,0.38,0.85,450,7.27,7.61,8.01,8.48,9.02
9449880,36,30,930,-0.58,-0.34,0.01,0.38,0.85,450,7.26,7.60,8.01,8.46,9.00
9449880,37,30,930,-0.58,-0.33,0.01,0.37,0.85,450,7.26,7.60,8.00,8.42,8.98
9449880,38,30,930,-0.58,-0.32,0.01,0.37,0.84,450,7.26,7.59,8.00,8.39,8.94
9449880,39,30,930,-0.58,-0.32,0.01,0.37,0.84,450,7.21,7.58,8.00,8.37,8.88
9449880,40,30,930,-0.58,-0.33,0.01,0.37,0.83,450,7.17,7.56,7.98,8.37,8.86
9449880,41,30,930,-0.59,-0.33,0.00,0.37,0.83,450,7.10,7.54,7.97,8.36,8.81
9449880,42,30,930,-0.59,-0.33,-0.01,0.36,0.84,450,7.10,7.54,7.96,8.35,8.80
9449880,43,30,930,-0.59,-0.33,-0.01,0.35,0.84,450,7.09,7.54,7.96,8.34,8.76
9449880,44,30,930,-0.59,-0.32,-0.01,0.35,0.83,450,7.07,7.54,7.95,8.32,8.76
9449880,45,30,908,-0.58,-0.32,-0.01,0.34,0.83,450,7.02,7.52,7.93,8.31,8.74
9449880,46,30,908,-0.58,-0.31,-0.01,0.34,0.82,450,7.01,7.52,7.92,8.30,8.74
9449880,47,30,908,-0.57,-0.31,0.00,0.35,0.82,450,7.01,7.50,7.91,8.29,8.70
9449880,48,30,908,-0.57,-0.30,0.00,0.36,0.82,450,7.01,7.48,7.90,8.27,8.68
9449880,49,30,908,-0.57,-0.30,0.01,0.37,0.81,450,7.02,7.47,7.87,8.26,8.64
9449880,50,30,908,-0.56,-0.29,0.02,0.37,0.82,450,6.99,7.43,7.83,8.25,8.61
9449880,51,30,908,-0.56,-0.29,0.02,0.36,0.81,450,6.98,7.37,7.78,8.23,8.58
9449880,52,30,908,-0.56,-0.28,0.02,0.36,0.80,450,6.96,7.32,7.76,8.22,8.59
9449880,53,30,908,-0.56,-0.29,0.02,0.36,0.78,428,6.95,7.29,7.74,8.19,8.59
9449880,54,30,908,-0.55,-0.27,0.02,0.36,0.77,428,6.94,7.31,7.73,8.16,8.57
9449880,55,30,908,-0.55,-0.26,0.03,0.36,0.75,428,6.94,7.32,7.73,8.19,8.56
9449880,56,30,908,-0.54,-0.25,0.03,0.36,0.75,428,6.94,7.31,7.73,8.14,8.53
9449880,57,30,908,-0.52,-0.25,0.03,0.36,0.75,428,6.92,7.29,7.72,8.13,8.49
9449880,58,30,908,-0.51,-0.25,0.03,0.37,0.78,428,6.91,7.27,7.69,8.12,8.47
9449880,59,30,908,-0.50,-0.25,0.04,0.37,0.78,428,6.90,7.23,7.66,8.07,8.46
9449880,60,30,908,-0.50,-0.25,0.05,0.38,0.79,428,6.86,7.21,7.61,8.04,8.43
9449880,61,30,908,-0.49,-0.24,0.05,0.38,0.79,428,6.85,7.19,7.58,8.00,8.39
9449880,62,30,908,-0.48,-0.23,0.05,0.38,0.77,428,6.85,7.19,7.55,7.97,8.39
9449880,63,30,908,-0.48,-0.23,0.05,0.37,0.73,428,6.85,7.18,7.54,7.97,8.40
9449880,64,30,908,-0.48,-0.22,0.05,0.36,0.72,428,6.85,7.18,7.53,7.97,8.41
9449880,65,30,908,-0.48,-0.22,0.05,0.36,0.71,428,6.85,7.18,7.53,7.97,8.40
9449880,66,30,908,-0.48,-0.22,0.07,0.36,0.70,428,6.85,7.18,7.52,7.94,8.40
9449880,67,30,908,-0.48,-0.22,0.07,0.38,0.71,428,6.85,7.20,7.52,7.92,8.39
9449880,68,30,908,-0.48,-0.22,0.08,0.39,0.71,450,6.85,7.18,7.52,7.91,8.39
9449880,69,30,908,-0.48,-0.21,0.08,0.39,0.72,450,6.85,7.16,7.51,7.88,8.39
9449880,70,30,908,-0.47,-0.21,0.08,0.40,0.72,450,6.85,7.16,7.50,7.85,8.31
9449880,71,30,908,-0.45,-0.20,0.09,0.40,0.73,450,6.84,7.15,7.48,7.82,8.28
9449880,72,30,908,-0.44,-0.19,0.09,0.41,0.73,450,6.81,7.15,7.47,7.80,8.27
9449880,73,30,908,-0.44,-0.19,0.10,0.42,0.73,450,6.81,7.14,7.47,7.80,8.27
9449880,74,30,908,-0.44,-0.19,0.10,0.43,0.75,450,6.81,7.14,7.48,7.82,8.28
9449880,75,30,908,-0.44,-0.19,0.10,0.43,0.76,450,6.81,7.14,7.51,7.84,8.29
9449880,76,30,930,-0.44,-0.19,0.09,0.43,0.75,450,6.80,7.14,7.51,7.84,8.28
9449880,77,30,930,-0.45,-0.19,0.09,0.43,0.75,450,6.77,7.12,7.51,7.85,8.30
9449880,78,30,930,-0.45,-0.20,0.09,0.43,0.73,450,6.73,7.12,7.51,7.85,8.28
9449880,79,30,930,-0.45,-0.20,0.08,0.42,0.73,450,6.71,7.11,7.51,7.86,8.25
9449880,80,30,930,-0.45,-0.20,0.08,0.41,0.73,450,6.70,7.08,7.51,7.87,8.23
9449880,81,30,930,-0.45,-0.20,0.09,0.40,0.73,450,6.72,7.07,7.51,7.87,8.21
9449880,82,30,930,-0.44,-0.20,0.09,0.41,0.72,450,6.73,7.07,7.51,7.88,8.25
9449880,83,30,930,-0.44,-0.19,0.10,0.42,0.73,450,6.72,7.07,7.51,7.89,8.25
9449880,84,30,930,-0.43,-0.18,0.10,0.43,0.73,450,6.72,7.07,7.50,7.89,8.25
9449880,85,30,930,-0.42,-0.18,0.10,0.43,0.72,450,6.73,7.06,7.50,7.89,8.25
9449880,86,30,930,-0.41,-0.18,0.11,0.43,0.72,450,6.72,7.06,7.48,7.89,8.25
9449880,87,30,930,-0.40,-0.17,0.11,0.43,0.72,450,6.71,7.04,7.44,7.88,8.26
9449880,88,30,930,-0.40,-0.16,0.11,0.43,0.71,450,6.71,7.02,7.42,7.87,8.24
9449880,89,30,930,-0.40,-0.16,0.11,0.43,0.69,450,6.71,7.02,7.42,7.85,8.24
9449880,90,30,930,-0.39,-0.16,0.11,0.41,0.68,450,6.71,7.05,7.40,7.83,8.24
9449880,91,30,930,-0.39,-0.16,0.11,0.40,0.67,450,6.72,7.06,7.37,7.82,8.24
9449880,92,30,930,-0.38,-0.17,0.11,0.41,0.67,450,6.76,7.06,7.37,7.83,8.25
9449880,93,30,930,-0.38,-0.16,0.11,0.41,0.68,450,6.77,7.07,7.37,7.81,8.23
9449880,94,30,930,-0.38,-0.16,0.11,0.40,0.67,450,6.80,7.07,7.37,7.80,8.22
9449880,95,30,930,-0.39,-0.17,0.11,0.40,0.67,450,6.79,7.07,7.37,7.77,8.22
9449880,96,30,930,-0.38,-0.17,0.10,0.40,0.65,450,6.79,7.08,7.39,7.77,8.22
9449880,97,30,930,-0.38,-0.17,0.10,0.38,0.64,450,6.80,7.09,7.39,7.77,8.16
9449880,98,30,930,-0.37,-0.18,0.09,0.37,0.63,450,6.81,7.09,7.40,7.77,8.16
9449880,99,30,930,-0.38,-0.18,0.09,0.36,0.63,450,6.83,7.09,7.40,7.77,8.12
9449880,100,30,930,-0.38,-0.18,0.08,0.36,0.63,450,6.83,7.10,7.42,7.79,8.12
9449880,101,30,930,-0.39,-0.18,0.08,0.36,0.62,450,6.86,7.11,7.44,7.81,8.12
9449880,102,30,930,-0.40,-0.18,0.07,0.35,0.62,450,6.89,7.12,7.44,7.81,8.09
9449880,103,30,930,-0.40,-0.18,0.07,0.35,0.61,450,6.91,7.13,7.44,7.81,8.09
9449880,104,30,930,-0.38,-0.19,0.06,0.35,0.60,450,6.91,7.14,7.44,7.82,8.09
9449880,105,30,930,-0.38,-0.18,0.06,0.34,0.58,450,6.89,7.12,7.45,7.83,8.10
9449880,106,30,930,-0.38,-0.18,0.06,0.32,0.57,450,6.86,7.10,7.46,7.84,8.10
9449880,107,30,930,-0.38,-0.18,0.05,0.32,0.56,450,6.82,7.10,7.46,7.83,8.10
9449880,108,30,930,-0.38,-0.18,0.05,0.31,0.56,450,6.81,7.10,7.48,7.84,8.11
9449880,109,30,930,-0.38,-0.18,0.05,0.31,0.56,450,6.82,7.12,7.48,7.84,8.13
9449880,110,30,930,-0.38,-0.17,0.05,0.30,0.55,450,6.86,7.15,7.48,7.85,8.13
9449880,111,30,930,-0.37,-0.17,0.05,0.30,0.55,450,6.87,7.15,7.49,7.83,8.11
9449880,112,30,930,-0.38,-0.17,0.05,0.29,0.53,450,6.87,7.16,7.48,7.81,8.11
9449880,113,30,930,-0.38,-0.17,0.04,0.28,0.52,450,6.87,7.16,7.48,7.79,8.10
9449880,114,30,930,-0.38,-0.17,0.04,0.27,0.51,450,6.83,7.16,7.48,7.79,8.10
9449880,115,30,930,-0.38,-0.18,0.03,0.25,0.48,450,6.80,7.15,7.49,7.79,8.10
9449880,116,30,930,-0.39,-0.18,0.03,0.25,0.47,450,6.80,7.15,7.49,7.79,8.10
9449880,117,30,930,-0.39,-0.18,0.02,0.24,0.45,450,6.80,7.15,7.50,7.79,8.11
9449880,118,30,930,-0.39,-0.19,0.02,0.24,0.44,450,6.83,7.18,7.51,7.79,8.10
9449880,119,30,930,-0.38,-0.19,0.02,0.23,0.43,450,6.87,7.22,7.51,7.79,8.10
9449880,120,30,930,-0.38,-0.19,0.01,0.23,0.42,450,6.91,7.23,7.53,7.79,8.09
9449880,121,30,930,-0.38,-0.19,0.01,0.24,0.42,450,6.91,7.23,7.54,7.79,8.08
9449880,122,30,930,-0.38,-0.18,0.02,0.23,0.42,450,6.91,7.23,7.55,7.80,8.07
9449880,123,30,930,-0.38,-0.17,0.02,0.23,0.42,450,6.91,7.23,7.56,7.81,8.08
9449880,124,30,930,-0.38,-0.17,0.02,0.23,0.42,450,6.90,7.22,7.57,7.82,8.10
9449880,125,30,930,-0.37,-0.17,0.03,0.23,0.42,450,6.87,7.22,7.57,7.84,8.14
9449880,126,30,930,-0.37,-0.17,0.03,0.24,0.42,450,6.86,7.20,7.57,7.86,8.16
9449880,127,30,930,-0.37,-0.17,0.03,0.24,0.42,450,6.87,7.22,7.58,7.88,8.17
9449880,128,30,930,-0.36,-0.17,0.03,0.24,0.42,450,6.91,7.25,7.59,7.89,8.17
9449880,129,30,930,-0.36,-0.16,0.04,0.24,0.42,450,6.93,7.28,7.60,7.89,8.18
9449880,130,30,930,-0.33,-0.16,0.04,0.24,0.41,450,6.97,7.32,7.62,7.91,8.20
9449880,131,30,930,-0.32,-0.16,0.04,0.24,0.41,450,7.00,7.34,7.63,7.95,8.20
9449880,132,30,930,-0.32,-0.15,0.04,0.24,0.40,450,7.02,7.34,7.64,7.96,8.24
9449880,133,30,930,-0.31,-0.15,0.05,0.24,0.40,450,6.98,7.34,7.66,8.00,8.27
9449880,134,30,930,-0.31,-0.14,0.05,0.24,0.40,450,6.95,7.35,7.67,8.03,8.30
9449880,135,30,930,-0.31,-0.14,0.05,0.24,0.40,450,6.96,7.35,7.68,8.06,8.30
9449880,136,30,930,-0.31,-0.13,0.04,0.24,0.40,450,6.99,7.39,7.70,8.09,8.30
9449880,137,30,930,-0.30,-0.12,0.05,0.25,0.41,450,7.06,7.42,7.70,8.10,8.31
9449880,138,30,930,-0.30,-0.12,0.05,0.25,0.41,450,7.11,7.44,7.73,8.08,8.30
9449880,139,30,930,-0.30,-0.12,0.05,0.25,0.41,450,7.15,7.45,7.75,8.08,8.30
9449880,140,30,930,-0.29,-0.12,0.05,0.25,0.41,450,7.16,7.46,7.76,8.07,8.30
9449880,141,30,930,-0.28,-0.11,0.06,0.25,0.41,450,7.16,7.46,7.77,8.08,8.30
9449880,142,30,930,-0.27,-0.11,0.06,0.25,0.41,450,7.15,7.46,7.78,8.10,8.32
9449880,143,30,930,-0.27,-0.11,0.07,0.26,0.41,450,7.15,7.46,7.80,8.13,8.35
9449880,144,30,930,-0.26,-0.11,0.07,0.26,0.41,450,7.15,7.44,7.80,8.15,8.38
9449880,145,30,930,-0.26,-0.10,0.08,0.26,0.41,450,7.15,7.43,7.79,8.16,8.39
9449880,146,30,930,-0.25,-0.10,0.09,0.27,0.41,450,7.16,7.45,7.80,8.15,8.40
9449880,147,30,930,-0.23,-0.10,0.09,0.27,0.41,450,7.18,7.47,7.81,8.13,8.39
9449880,148,30,930,-0.23,-0.09,0.09,0.27,0.41,450,7.20,7.49,7.81,8.12,8.39
9449880,149,30,930,-0.23,-0.09,0.10,0.27,0.41,450,7.22,7.49,7.80,8.12,8.38
9449880,150,30,930,-0.23,-0.08,0.10,0.27,0.41,450,7.20,7.49,7.80,8.12,8.39
9449880,151,30,930,-0.23,-0.08,0.10,0.27,0.41,450,7.19,7.47,7.81,8.14,8.41
9449880,152,30,930,-0.23,-0.09,0.09,0.26,0.40,450,7.18,7.46,7.83,8.16,8.42
9449880,153,30,930,-0.23,-0.09,0.09,0.26,0.39,450,7.17,7.43,7.83,8.18,8.43
9449880,154,30,930,-0.24,-0.09,0.08,0.26,0.39,450,7.18,7.43,7.83,8.21,8.44
9449880,155,30,930,-0.24,-0.09,0.08,0.25,0.39,450,7.20,7.45,7.83,8.21,8.44
9449880,156,30,930,-0.24,-0.10,0.07,0.25,0.38,450,7.24,7.47,7.83,8.19,8.43
9449880,157,30,930,-0.24,-0.10,0.07,0.24,0.37,450,7.27,7.50,7.83,8.16,8.41
9449880,158,30,930,-0.24,-0.10,0.06,0.24,0.36,450,7.29,7.51,7.83,8.16,8.40
9449880,159,30,930,-0.24,-0.10,0.06,0.23,0.36,450,7.29,7.53,7.83,8.14,8.38
9449880,160,30,930,-0.24,-0.10,0.06,0.23,0.35,450,7.27,7.52,7.84,8.14,8.37
9449880,161,30,930,-0.24,-0.10,0.05,0.22,0.35,450,7.25,7.49,7.84,8.15,8.37
9449880,162,30,930,-0.24,-0.10,0.04,0.22,0.35,450,7.24,7.48,7.84,8.16,8.40
9449880,163,30,930,-0.24,-0.11,0.04,0.22,0.35,450,7.22,7.48,7.85,8.15,8.40
9449880,164,30,930,-0.24,-0.11,0.04,0.22,0.35,450,7.22,7.48,7.85,8.14,8.37
9449880,165,30,930,-0.23,-0.11,0.04,0.22,0.35,450,7.26,7.49,7.84,8.12,8.35
9449880,166,30,930,-0.23,-0.11,0.04,0.22,0.35,450,7.27,7.52,7.83,8.11,8.32
9449880,167,30,930,-0.23,-0.11,0.05,0.22,0.34,450,7.29,7.53,7.82,8.07,8.31
9449880,168,30,930,-0.23,-0.10,0.05,0.22,0.34,450,7.29,7.53,7.81,8.05,8.29
9449880,169,30,930,-0.23,-0.10,0.05,0.22,0.33,450,7.28,7.52,7.80,8.04,8.27
9449880,170,30,930,-0.23,-0.10,0.05,0.21,0.33,450,7.26,7.50,7.80,8.03,8.27
9449880,171,30,930,-0.23,-0.10,0.05,0.21,0.33,450,7.21,7.48,7.80,8.05,8.29
9449880,172,30,930,-0.23,-0.10,0.04,0.21,0.33,450,7.21,7.48,7.80,8.05,8.31
9449880,173,30,930,-0.23,-0.11,0.04,0.20,0.33,450,7.23,7.51,7.82,8.05,8.31
9449880,174,30,930,-0.23,-0.11,0.03,0.20,0.32,450,7.25,7.53,7.82,8.07,8.31
9449880,175,30,930,-0.23,-0.11,0.03,0.19,0.32,450,7.28,7.55,7.80,8.04,8.28
9449880,176,30,930,-0.23,-0.11,0.03,0.19,0.32,450,7.31,7.56,7.79,8.02,8.29
9449880,177,30,930,-0.23,-0.11,0.03,0.18,0.31,450,7.31,7.55,7.78,8.03,8.28
9449880,178,30,930,-0.23,-0.10,0.03,0.18,0.31,450,7.30,7.54,7.77,8.03,8.28
9449880,179,30,930,-0.22,-0.10,0.03,0.18,0.31,450,7.29,7.54,7.76,8.03,8.30
9449880,180,30,930,-0.22,-0.10,0.03,0.17,0.31,450,7.26,7.52,7.76,8.05,8.34
9449880,181,30,930,-0.21,-0.10,0.03,0.17,0.30,450,7.24,7.51,7.76,8.05,8.34
9449880,182,30,930,-0.21,-0.09,0.03,0.17,0.30,450,7.23,7.51,7.76,8.07,8.32
9449880,183,30,930,-0.20,-0.09,0.03,0.17,0.30,450,7.23,7.53,7.77,8.07,8.32
9449880,184,30,930,-0.20,-0.09,0.03,0.17,0.31,450,7.25,7.54,7.78,8.06,8.31
9449880,185,30,930,-0.20,-0.08,0.04,0.17,0.30,450,7.27,7.54,7.78,8.04,8.31
9449880,186,30,930,-0.19,-0.08,0.04,0.18,0.31,450,7.31,7.52,7.78,8.04,8.29
9449880,187,30,930,-0.19,-0.08,0.05,0.18,0.32,450,7.31,7.51,7.77,8.04,8.27
9449880,188,30,930,-0.19,-0.08,0.05,0.19,0.32,450,7.27,7.48,7.75,8.03,8.27
9449880,189,30,930,-0.19,-0.08,0.05,0.19,0.32,450,7.25,7.47,7.75,8.02,8.27
9449880,190,30,930,-0.19,-0.07,0.05,0.19,0.32,450,7.24,7.46,7.75,8.03,8.26
9449880,191,30,930,-0.19,-0.07,0.05,0.19,0.32,450,7.23,7.46,7.75,8.03,8.24
9449880,192,30,930,-0.19,-0.07,0.05,0.18,0.32,450,7.23,7.47,7.76,8.02,8.23
9449880,193,30,930,-0.18,-0.07,0.05,0.18,0.31,450,7.25,7.47,7.77,8.02,8.22
9449880,194,30,930,-0.18,-0.07,0.05,0.19,0.31,450,7.29,7.49,7.77,8.01,8.21
9449880,195,30,930,-0.17,-0.07,0.05,0.18,0.31,450,7.31,7.50,7.76,8.00,8.18
9449880,196,30,930,-0.17,-0.07,0.05,0.18,0.30,450,7.31,7.50,7.75,7.99,8.17
9449880,197,30,930,-0.17,-0.06,0.05,0.18,0.30,450,7.29,7.48,7.74,7.99,8.17
9449880,198,30,930,-0.17,-0.06,0.05,0.18,0.30,450,7.27,7.46,7.71,7.97,8.17
9449880,199,30,930,-0.16,-0.07,0.05,0.18,0.30,450,7.26,7.45,7.70,7.96,8.16
9449880,200,30,930,-0.17,-0.07,0.05,0.18,0.30,450,7.25,7.45,7.69,7.95,8.13
9449880,201,30,930,-0.16,-0.07,0.05,0.18,0.29,450,7.26,7.45,7.69,7.94,8.12
9449880,202,30,930,-0.16,-0.06,0.06,0.18,0.29,450,7.26,7.46,7.69,7.93,8.10
9449880,203,30,930,-0.15,-0.05,0.06,0.18,0.29,450,7.26,7.46,7.69,7.93,8.09
9449880,204,30,930,-0.15,-0.04,0.06,0.18,0.30,450,7.26,7.46,7.68,7.91,8.08
9449880,205,30,930,-0.15,-0.04,0.07,0.19,0.30,450,7.26,7.45,7.68,7.91,8.07
9449880,206,30,930,-0.15,-0.04,0.07,0.19,0.30,450,7.23,7.44,7.66,7.89,8.06
9449880,207,30,930,-0.15,-0.04,0.07,0.19,0.30,450,7.22,7.39,7.63,7.88,8.05
9449880,208,30,930,-0.15,-0.04,0.07,0.19,0.30,450,7.20,7.38,7.63,7.87,8.04
9449880,209,30,930,-0.15,-0.04,0.07,0.19,0.30,450,7.18,7.37,7.62,7.88,8.04
9449880,210,30,930,-0.15,-0.04,0.07,0.19,0.30,450,7.17,7.37,7.62,7.88,8.04
9449880,211,30,930,-0.15,-0.04,0.07,0.19,0.30,450,7.16,7.37,7.62,7.88,8.04
9449880,212,30,930,-0.14,-0.04,0.07,0.19,0.30,450,7.17,7.38,7.62,7.88,8.04
9449880,213,30,930,-0.14,-0.04,0.07,0.19,0.30,450,7.16,7.37,7.61,7.87,8.04
9449880,214,30,930,-0.14,-0.04,0.07,0.19,0.30,450,7.15,7.36,7.59,7.86,8.04
9449880,215,30,930,-0.14,-0.04,0.07,0.19,0.30,450,7.15,7.35,7.57,7.85,8.03
9449880,216,30,930,-0.14,-0.04,0.07,0.18,0.30,450,7.10,7.33,7.54,7.83,8.02
9449880,217,30,930,-0.14,-0.05,0.06,0.18,0.30,450,7.09,7.32,7.54,7.81,8.00
9449880,218,30,930,-0.14,-0.05,0.06,0.18,0.30,450,7.08,7.31,7.52,7.79,7.99
9449880,219,30,930,-0.14,-0.05,0.06,0.18,0.30,450,7.06,7.31,7.52,7.79,7.98
9449880,220,30,930,-0.14,-0.05,0.06,0.18,0.30,450,7.06,7.30,7.52,7.79,7.99
9449880,221,30,930,-0.14,-0.05,0.06,0.18,0.29,450,7.06,7.30,7.51,7.79,7.99
9449880,222,30,930,-0.14,-0.05,0.07,0.18,0.30,450,7.05,7.29,7.51,7.77,7.98
9449880,223,30,930,-0.14,-0.05,0.07,0.18,0.30,450,7.03,7.23,7.48,7.75,7.98
9449880,224,30,930,-0.15,-0.05,0.07,0.18,0.30,450,7.02,7.22,7.46,7.71,7.97
9449880,225,30,930,-0.15,-0.05,0.07,0.18,0.30,450,7.00,7.19,7.44,7.68,7.94
9449880,226,30,930,-0.16,-0.05,0.07,0.18,0.30,450,6.98,7.17,7.41,7.67,7.92
9449880,227,30,930,-0.16,-0.05,0.07,0.18,0.31,450,6.96,7.15,7.39,7.66,7.90
9449880,228,30,930,-0.17,-0.06,0.07,0.18,0.31,450,6.95,7.14,7.38,7.65,7.90
9449880,229,30,930,-0.17,-0.06,0.07,0.18,0.31,450,6.95,7.12,7.36,7.66,7.90
9449880,230,30,930,-0.17,-0.06,0.06,0.18,0.31,450,6.95,7.09,7.36,7.66,7.89
9449880,231,30,930,-0.17,-0.06,0.06,0.18,0.31,450,6.93,7.08,7.35,7.65,7.89
9449880,232,30,930,-0.17,-0.06,0.06,0.18,0.31,450,6.92,7.06,7.33,7.63,7.88
9449880,233,30,930,-0.18,-0.06,0.05,0.17,0.31,450,6.90,7.04,7.29,7.61,7.88
9449880,234,30,930,-0.19,-0.07,0.05,0.17,0.30,450,6.89,7.03,7.26,7.57,7.85
9449880,235,30,930,-0.19,-0.08,0.04,0.16,0.30,450,6.86,7.02,7.24,7.54,7.84
9449880,236,30,930,-0.20,-0.08,0.04,0.16,0.28,450,6.84,7.01,7.24,7.53,7.82
9449880,237,30,930,-0.20,-0.09,0.03,0.15,0.28,450,6.82,7.00,7.23,7.53,7.82
9449880,238,30,930,-0.20,-0.09,0.03,0.15,0.28,450,6.80,7.00,7.23,7.54,7.82
9449880,239,30,930,-0.21,-0.10,0.03,0.15,0.28,450,6.80,7.00,7.22,7.54,7.82
9449880,240,30,930,-0.21,-0.10,0.03,0.15,0.28,450,6.80,6.99,7.21,7.53,7.82
9449880,241,30,930,-0.22,-0.10,0.03,0.15,0.28,450,6.78,6.98,7.19,7.51,7.77
9449880,242,30,930,-0.22,-0.11,0.03,0.16,0.29,450,6.74,6.96,7.17,7.47,7.75
9449880,243,30,930,-0.22,-0.11,0.03,0.16,0.29,450,6.71,6.94,7.16,7.43,7.71
9449880,244,30,930,-0.22,-0.11,0.03,0.15,0.30,450,6.70,6.93,7.14,7.41,7.68
9449880,245,30,930,-0.22,-0.12,0.03,0.15,0.31,450,6.69,6.91,7.15,7.41,7.66
9449880,246,30,930,-0.23,-0.12,0.03,0.16,0.32,450,6.66,6.90,7.15,7.41,7.66
9449880,247,30,930,-0.23,-0.12,0.03,0.16,0.32,450,6.66,6.90,7.15,7.41,7.65
9449880,248,30,930,-0.23,-0.12,0.03,0.16,0.32,450,6.66,6.90,7.15,7.42,7.65
9449880,249,30,930,-0.23,-0.13,0.03,0.16,0.32,450,6.65,6.88,7.14,7.42,7.64
9449880,250,30,930,-0.24,-0.13,0.02,0.16,0.32,450,6.65,6.88,7.12,7.41,7.62
9449880,251,30,930,-0.25,-0.14,0.01,0.16,0.32,450,6.65,6.86,7.10,7.40,7.62
9449880,252,30,930,-0.26,-0.14,0.01,0.16,0.33,450,6.65,6.86,7.08,7.39,7.62
9449880,253,30,930,-0.26,-0.15,0.01,0.16,0.33,450,6.65,6.85,7.08,7.38,7.62
9449880,254,30,930,-0.27,-0.15,0.01,0.16,0.34,450,6.65,6.84,7.08,7.40,7.62
9449880,255,30,930,-0.28,-0.16,0.00,0.16,0.34,450,6.64,6.84,7.10,7.41,7.63
9449880,256,30,930,-0.28,-0.16,0.00,0.16,0.34,450,6.64,6.84,7.12,7.42,7.65
9449880,257,30,930,-0.28,-0.16,0.00,0.16,0.34,450,6.64,6.84,7.13,7.43,7.66
9449880,258,30,930,-0.29,-0.16,-0.01,0.16,0.34,450,6.64,6.85,7.13,7.43,7.66
9449880,259,30,930,-0.29,-0.16,-0.01,0.16,0.35,450,6.64,6.85,7.13,7.43,7.66
9449880,260,30,930,-0.29,-0.16,-0.01,0.16,0.36,450,6.63,6.85,7.13,7.42,7.65
9449880,261,30,930,-0.30,-0.17,-0.01,0.16,0.37,450,6.63,6.84,7.11,7.42,7.65
9449880,262,30,930,-0.30,-0.17,-0.02,0.16,0.37,450,6.61,6.83,7.12,7.42,7.67
9449880,263,30,930,-0.31,-0.18,-0.02,0.16,0.38,450,6.58,6.81,7.10,7.43,7.70
9449880,264,30,930,-0.31,-0.19,-0.03,0.16,0.38,450,6.55,6.83,7.10,7.43,7.70
9449880,265,30,930,-0.31,-0.19,-0.03,0.17,0.38,450,6.55,6.83,7.13,7.44,7.70
9449880,266,30,930,-0.31,-0.19,-0.03,0.17,0.38,450,6.55,6.84,7.13,7.45,7.71
9449880,267,30,930,-0.32,-0.19,-0.02,0.17,0.39,450,6.55,6.85,7.13,7.45,7.73
9449880,268,30,930,-0.33,-0.19,-0.03,0.17,0.40,450,6.55,6.83,7.12,7.45,7.73
9449880,269,30,930,-0.33,-0.20,-0.03,0.17,0.41,450,6.55,6.83,7.11,7.44,7.73
9449880,270,30,930,-0.34,-0.20,-0.03,0.17,0.42,450,6.55,6.82,7.10,7.44,7.73
9449880,271,30,930,-0.35,-0.21,-0.03,0.18,0.42,450,6.55,6.81,7.11,7.42,7.75
9449880,272,30,930,-0.36,-0.21,-0.03,0.17,0.42,450,6.54,6.81,7.11,7.45,7.76
9449880,273,30,930,-0.37,-0.22,-0.04,0.17,0.43,450,6.55,6.82,7.13,7.46,7.76
9449880,274,30,930,-0.38,-0.23,-0.04,0.17,0.43,450,6.58,6.83,7.14,7.47,7.76
9449880,275,30,930,-0.39,-0.24,-0.04,0.17,0.43,450,6.59,6.85,7.15,7.47,7.78
9449880,276,30,930,-0.40,-0.24,-0.05,0.17,0.43,450,6.59,6.86,7.17,7.48,7.76
9449880,277,30,930,-0.40,-0.25,-0.05,0.17,0.43,450,6.60,6.87,7.18,7.48,7.80
9449880,278,30,930,-0.41,-0.26,-0.05,0.17,0.44,450,6.62,6.88,7.20,7.49,7.79
9449880,279,30,930,-0.41,-0.27,-0.06,0.17,0.46,450,6.63,6.88,7.21,7.50,7.81
9449880,280,30,930,-0.41,-0.27,-0.06,0.18,0.46,450,6.63,6.88,7.21,7.51,7.87
9449880,281,30,930,-0.42,-0.27,-0.06,0.18,0.47,450,6.63,6.88,7.22,7.52,7.90
9449880,282,30,930,-0.42,-0.27,-0.06,0.19,0.47,450,6.63,6.89,7.22,7.54,7.92
9449880,283,30,930,-0.43,-0.27,-0.06,0.18,0.48,450,6.63,6.92,7.24,7.57,7.99
9449880,284,30,930,-0.44,-0.27,-0.07,0.18,0.50,450,6.66,6.94,7.26,7.61,8.01
9449880,285,30,930,-0.47,-0.28,-0.07,0.19,0.51,450,6.66,6.95,7.27,7.64,8.02
9449880,286,30,930,-0.48,-0.28,-0.07,0.20,0.50,450,6.66,6.96,7.30,7.67,8.07
9449880,287,30,930,-0.48,-0.29,-0.06,0.21,0.52,450,6.66,6.98,7.33,7.69,8.10
9449880,288,30,930,-0.48,-0.29,-0.07,0.21,0.54,450,6.66,6.99,7.34,7.75,8.16
9449880,289,30,930,-0.49,-0.30,-0.07,0.20,0.55,450,6.66,7.00,7.36,7.82,8.18
9449880,290,30,930,-0.51,-0.31,-0.08,0.21,0.56,450,6.66,7.01,7.39,7.84,8.23
9449880,291,30,930,-0.52,-0.33,-0.08,0.21,0.56,450,6.67,7.03,7.42,7.85,8.24
9449880,292,30,930,-0.53,-0.33,-0.08,0.21,0.56,450,6.71,7.05,7.44,7.86,8.29
9449880,293,30,930,-0.53,-0.34,-0.08,0.22,0.56,450,6.72,7.06,7.44,7.91,8.30
9449880,294,30,930,-0.53,-0.33,-0.08,0.22,0.56,450,6.74,7.07,7.48,7.91,8.31
9449880,295,30,930,-0.53,-0.33,-0.08,0.22,0.56,450,6.75,7.10,7.52,7.94,8.36
9449880,296,30,930,-0.54,-0.34,-0.08,0.23,0.56,450,6.76,7.12,7.54,7.96,8.36
9449880,297,30,930,-0.54,-0.34,-0.09,0.24,0.58,450,6.76,7.14,7.56,7.99,8.37
9449880,298,30,930,-0.55,-0.34,-0.09,0.24,0.58,450,6.77,7.15,7.57,7.99,8.38
9449880,299,30,930,-0.55,-0.34,-0.09,0.25,0.59,450,6.79,7.19,7.56,8.00,8.38
9449880,300,30,930,-0.55,-0.34,-0.09,0.25,0.58,450,6.86,7.20,7.56,8.02,8.38
9449880,301,30,930,-0.55,-0.34,-0.08,0.26,0.59,450,6.90,7.23,7.56,8.02,8.39
9449880,302,30,930,-0.55,-0.35,-0.08,0.27,0.60,450,6.96,7.26,7.58,8.03,8.39
9449880,303,30,930,-0.55,-0.34,-0.08,0.28,0.60,450,6.97,7.27,7.58,8.07,8.41
9449880,304,30,930,-0.54,-0.33,-0.07,0.28,0.61,450,6.97,7.26,7.59,8.08,8.43
9449880,305,30,930,-0.54,-0.33,-0.07,0.28,0.62,450,6.97,7.27,7.60,8.12,8.48
9449880,306,30,930,-0.54,-0.33,-0.06,0.29,0.62,450,6.96,7.28,7.63,8.19,8.53
9449880,307,30,930,-0.54,-0.33,-0.05,0.29,0.62,450,6.96,7.30,7.67,8.21,8.64
9449880,308,30,930,-0.54,-0.32,-0.05,0.28,0.62,450,6.97,7.32,7.74,8.26,8.67
9449880,309,30,930,-0.55,-0.32,-0.05,0.29,0.63,450,7.00,7.36,7.78,8.30,8.71
9449880,310,30,930,-0.55,-0.32,-0.04,0.29,0.64,450,7.03,7.39,7.80,8.30,8.72
9449880,311,30,930,-0.56,-0.32,-0.03,0.30,0.66,450,7.06,7.41,7.85,8.35,8.76
9449880,312,30,930,-0.56,-0.33,-0.04,0.31,0.67,450,7.07,7.43,7.88,8.36,8.72
9449880,313,30,930,-0.57,-0.33,-0.03,0.32,0.68,450,7.10,7.47,7.91,8.38,8.76
9449880,314,30,930,-0.57,-0.33,-0.02,0.33,0.69,450,7.11,7.49,7.95,8.41,8.79
9449880,315,30,930,-0.56,-0.33,-0.01,0.32,0.69,450,7.11,7.51,7.99,8.46,8.84
9449880,316,30,930,-0.55,-0.32,-0.01,0.32,0.69,450,7.12,7.51,8.03,8.50,8.88
9449880,317,30,930,-0.54,-0.31,-0.01,0.32,0.71,450,7.14,7.55,8.06,8.56,8.93
9449880,318,30,930,-0.54,-0.31,-0.02,0.32,0.71,450,7.21,7.60,8.07,8.59,8.96
9449880,319,30,930,-0.55,-0.32,-0.02,0.33,0.72,450,7.27,7.64,8.08,8.59,8.99
9449880,320,30,930,-0.54,-0.31,-0.02,0.33,0.71,450,7.31,7.68,8.10,8.60,9.03
9449880,321,30,930,-0.53,-0.30,-0.01,0.33,0.72,450,7.36,7.70,8.13,8.61,9.08
9449880,322,30,930,-0.52,-0.29,-0.01,0.33,0.72,450,7.39,7.71,8.16,8.61,9.07
9449880,323,30,930,-0.52,-0.30,-0.01,0.34,0.73,450,7.40,7.71,8.17,8.62,9.07
9449880,324,30,930,-0.53,-0.30,0.00,0.34,0.73,450,7.39,7.71,8.18,8.64,9.12
9449880,325,30,930,-0.54,-0.31,0.00,0.34,0.74,450,7.38,7.72,8.22,8.65,9.15
9449880,326,30,930,-0.55,-0.33,0.00,0.37,0.75,450,7.39,7.71,8.23,8.68,9.16
9449880,327,30,930,-0.57,-0.33,0.00,0.39,0.74,450,7.39,7.73,8.26,8.72,9.24
9449880,328,30,930,-0.58,-0.33,0.00,0.39,0.76,450,7.40,7.75,8.26,8.75,9.23
9449880,329,30,930,-0.58,-0.34,-0.01,0.40,0.78,450,7.41,7.75,8.28,8.76,9.25
9449880,330,30,930,-0.59,-0.35,-0.01,0.39,0.79,450,7.42,7.77,8.30,8.75,9.24
9449880,331,30,930,-0.59,-0.35,0.00,0.40,0.82,450,7.44,7.78,8.30,8.75,9.25
9449880,332,30,930,-0.59,-0.35,0.00,0.41,0.83,450,7.44,7.78,8.29,8.73,9.23
9449880,333,30,930,-0.59,-0.35,0.01,0.43,0.86,450,7.43,7.82,8.30,8.71,9.16
9449880,334,30,930,-0.60,-0.35,0.01,0.44,0.87,450,7.43,7.83,8.30,8.71,9.14
9449880,335,30,930,-0.61,-0.36,0.01,0.44,0.88,450,7.44,7.86,8.31,8.74,9.13
9449880,336,30,930,-0.61,-0.37,0.01,0.45,0.88,450,7.48,7.88,8.31,8.77,9.14
9449880,337,30,930,-0.62,-0.37,0.01,0.45,0.91,450,7.50,7.88,8.32,8.80,9.16
9449880,338,30,930,-0.62,-0.38,0.00,0.45,0.91,450,7.56,7.91,8.34,8.81,9.26
9449880,339,30,930,-0.63,-0.39,0.00,0.46,0.92,450,7.60,7.97,8.35,8.82,9.27
9449880,340,30,930,-0.63,-0.39,0.00,0.46,0.93,450,7.63,7.98,8.37,8.86,9.30
9449880,341,30,930,-0.63,-0.39,0.00,0.46,0.93,450,7.62,7.98,8.40,8.88,9.35
9449880,342,30,930,-0.64,-0.39,0.01,0.46,0.93,450,7.62,7.98,8.40,8.89,9.39
9449880,343,30,930,-0.65,-0.39,0.01,0.45,0.93,450,7.60,7.98,8.41,8.91,9.39
9449880,344,30,930,-0.66,-0.40,0.01,0.44,0.93,450,7.60,7.98,8.43,8.94,9.39
9449880,345,30,930,-0.66,-0.40,0.00,0.44,0.93,450,7.62,7.99,8.48,8.95,9.40
9449880,346,30,930,-0.66,-0.40,0.00,0.44,0.93,450,7.65,8.01,8.52,8.97,9.43
9449880,347,30,930,-0.67,-0.39,0.00,0.44,0.90,450,7.66,8.03,8.54,9.01,9.44
9449880,348,30,930,-0.67,-0.39,0.02,0.45,0.90,450,7.69,8.04,8.59,9.07,9.48
9449880,349,30,930,-0.67,-0.39,0.03,0.44,0.89,450,7.68,8.05,8.60,9.09,9.53
9449880,350,30,930,-0.67,-0.38,0.03,0.45,0.89,450,7.66,8.04,8.60,9.12,9.53
9449880,351,30,900,-0.67,-0.39,0.03,0.44,0.90,450,7.63,8.02,8.59,9.12,9.56
9449880,352,30,900,-0.67,-0.39,0.02,0.44,0.91,450,7.61,8.01,8.59,9.12,9.57
9449880,353,30,900,-0.67,-0.39,0.02,0.44,0.92,450,7.58,8.00,8.59,9.08,9.57
9449880,354,30,900,-0.67,-0.38,0.03,0.45,0.91,450,7.56,8.00,8.59,9.07,9.49
9449880,355,30,900,-0.67,-0.37,0.04,0.45,0.91,450,7.55,8.00,8.59,9.07,9.49
9449880,356,30,900,-0.66,-0.37,0.04,0.45,0.91,450,7.59,8.02,8.58,9.07,9.47
9449880,357,30,900,-0.64,-0.36,0.04,0.44,0.90,450,7.61,8.03,8.59,9.07,9.45
9449880,358,30,900,-0.64,-0.35,0.04,0.44,0.90,450,7.61,8.05,8.58,9.07,9.47
9449880,359,30,900,-0.64,-0.33,0.05,0.45,0.90,420,7.63,8.04,8.57,9.07,9.47
9449880,360,30,900,-0.63,-0.32,0.06,0.45,0.89,420,7.61,8.01,8.53,9.04,9.49
9449880,361,30,900,-0.62,-0.31,0.06,0.45,0.87,420,7.61,7.98,8.50,9.04,9.49
9449880,362,30,900,-0.62,-0.31,0.07,0.45,0.86,420,7.59,7.97,8.47,9.02,9.50
9449880,363,30,900,-0.63,-0.30,0.06,0.45,0.85,420,7.60,7.98,8.43,9.01,9.45
9449880,364,30,900,-0.63,-0.32,0.05,0.44,0.85,420,7.61,7.97,8.41,9.01,9.42
9449880,365,30,900,-0.63,-0.32,0.05,0.43,0.84,420,7.62,7.98,8.42,8.99,9.43
9449880,366,30,900,-0.64,-0.32,0.04,0.43,0.84,420,7.68,8.02,8.46,9.00,9.43
9449424,1,30,885,-0.73,-0.40,-0.02,0.36,0.79,407,8.88,9.32,9.80,10.34,10.81
9449424,2,30,885,-0.75,-0.41,-0.02,0.37,0.78,408,8.90,9.33,9.80,10.34,10.76
9449424,3,30,885,-0.75,-0.41,-0.02,0.37,0.79,409,8.91,9.33,9.79,10.34,10.76
9449424,4,30,885,-0.75,-0.41,-0.01,0.37,0.80,410,8.90,9.32,9.77,10.33,10.74
9449424,5,30,885,-0.74,-0.41,-0.01,0.37,0.79,411,8.89,9.30,9.77,10.32,10.72
9449424,6,30,885,-0.74,-0.41,-0.01,0.37,0.79,412,8.88,9.29,9.77,10.30,10.77
9449424,7,30,885,-0.72,-0.41,-0.01,0.37,0.79,413,8.84,9.28,9.77,10.33,10.80
9449424,8,30,886,-0.70,-0.40,-0.01,0.37,0.79,443,8.84,9.28,9.76,10.29,10.79
9449424,9,30,887,-0.69,-0.38,0.00,0.37,0.79,444,8.84,9.30,9.77,10.29,10.78
9449424,10,30,888,-0.69,-0.38,0.00,0.37,0.78,445,8.88,9.30,9.76,10.27,10.75
9449424,11,30,889,-0.69,-0.38,0.01,0.37,0.78,446,8.88,9.29,9.76,10.28,10.73
9449424,12,30,890,-0.68,-0.39,0.01,0.37,0.77,447,8.85,9.30,9.76,10.27,10.72
9449424,13,30,891,-0.67,-0.40,0.01,0.36,0.77,448,8.85,9.30,9.76,10.24,10.71
9449424,14,30,892,-0.67,-0.41,0.01,0.37,0.79,449,8.84,9.29,9.76,10.24,10.71
9449424,15,30,893,-0.68,-0.39,0.01,0.38,0.79,450,8.80,9.22,9.76,10.23,10.71
9449424,16,30,923,-0.69,-0.40,0.01,0.38,0.79,450,8.75,9.20,9.76,10.24,10.71
9449424,17,30,924,-0.69,-0.40,0.01,0.38,0.79,450,8.70,9.17,9.76,10.25,10.70
9449424,18,30,925,-0.71,-0.40,0.01,0.38,0.79,450,8.70,9.18,9.78,10.23,10.70
9449424,19,30,926,-0.69,-0.41,0.01,0.37,0.79,450,8.69,9.20,9.77,10.20,10.66
9449424,20,30,927,-0.69,-0.41,0.01,0.37,0.79,450,8.70,9.18,9.74,10.17,10.64
9449424,21,30,928,-0.69,-0.41,0.01,0.37,0.79,450,8.73,9.16,9.71,10.16,10.63
9449424,22,30,929,-0.69,-0.40,0.01,0.37,0.80,450,8.74,9.15,9.69,10.16,10.63
9449424,23,30,930,-0.71,-0.41,0.00,0.36,0.81,450,8.70,9.15,9.67,10.15,10.61
9449424,24,30,930,-0.71,-0.42,-0.02,0.36,0.81,450,8.67,9.13,9.67,10.15,10.62
9449424,25,30,930,-0.71,-0.43,-0.03,0.36,0.82,450,8.55,9.09,9.67,10.15,10.63
9449424,26,30,930,-0.72,-0.44,-0.05,0.34,0.82,450,8.52,9.03,9.68,10.14,10.61
9449424,27,30,930,-0.71,-0.44,-0.06,0.33,0.82,450,8.50,8.99,9.65,10.13,10.60
9449424,28,30,930,-0.71,-0.44,-0.06,0.33,0.82,450,8.50,8.95,9.61,10.13,10.59
9449424,29,30,930,-0.71,-0.44,-0.06,0.33,0.82,450,8.51,8.93,9.59,10.07,10.55
9449424,30,30,930,-0.71,-0.43,-0.06,0.32,0.82,450,8.52,8.90,9.54,10.04,10.54
9449424,31,30,930,-0.70,-0.43,-0.05,0.33,0.82,450,8.52,8.90,9.47,10.00,10.53
9449424,32,30,930,-0.69,-0.43,-0.04,0.33,0.82,450,8.49,8.89,9.44,9.96,10.50
9449424,33,30,930,-0.68,-0.42,-0.04,0.33,0.82,450,8.46,8.84,9.40,9.94,10.50
9449424,34,30,930,-0.67,-0.41,-0.04,0.33,0.81,450,8.41,8.82,9.36,9.90,10.49
9449424,35,30,930,-0.66,-0.40,-0.04,0.33,0.81,450,8.38,8.80,9.33,9.89,10.47
9449424,36,30,930,-0.66,-0.39,-0.05,0.31,0.81,450,8.37,8.79,9.33,9.90,10.44
9449424,37,30,930,-0.66,-0.39,-0.06,0.31,0.79,450,8.37,8.80,9.31,9.86,10.41
9449424,38,30,930,-0.65,-0.39,-0.05,0.31,0.79,450,8.35,8.79,9.29,9.83,10.35
9449424,39,30,930,-0.65,-0.39,-0.05,0.31,0.79,450,8.31,8.76,9.27,9.79,10.29
9449424,40,30,930,-0.66,-0.39,-0.06,0.30,0.78,450,8.29,8.75,9.27,9.77,10.27
9449424,41,30,930,-0.66,-0.39,-0.06,0.30,0.78,450,8.24,8.74,9.27,9.75,10.21
9449424,42,30,930,-0.66,-0.39,-0.07,0.28,0.78,450,8.24,8.74,9.27,9.74,10.20
9449424,43,30,930,-0.67,-0.39,-0.07,0.29,0.79,450,8.22,8.74,9.27,9.72,10.19
9449424,44,30,930,-0.66,-0.39,-0.07,0.29,0.78,450,8.19,8.73,9.27,9.71,10.19
9449424,45,30,908,-0.66,-0.39,-0.07,0.29,0.77,450,8.18,8.71,9.27,9.71,10.19
9449424,46,30,908,-0.66,-0.38,-0.07,0.29,0.76,450,8.14,8.69,9.25,9.71,10.19
9449424,47,30,908,-0.65,-0.37,-0.07,0.30,0.76,450,8.12,8.66,9.22,9.70,10.13
9449424,48,30,908,-0.64,-0.37,-0.06,0.31,0.76,450,8.14,8.63,9.19,9.66,10.04
9449424,49,30,908,-0.64,-0.36,-0.06,0.31,0.74,450,8.18,8.63,9.18,9.66,9.99
9449424,50,30,908,-0.63,-0.36,-0.04,0.31,0.75,450,8.11,8.56,9.16,9.63,9.97
9449424,51,30,908,-0.64,-0.35,-0.04,0.31,0.75,450,8.06,8.53,9.12,9.61,9.94
9449424,52,30,908,-0.63,-0.35,-0.04,0.31,0.72,450,8.04,8.49,9.11,9.60,9.96
9449424,53,30,908,-0.63,-0.35,-0.04,0.31,0.72,428,8.01,8.45,9.08,9.59,9.96
9449424,54,30,908,-0.62,-0.35,-0.04,0.31,0.70,428,8.01,8.49,9.07,9.60,9.96
9449424,55,30,908,-0.62,-0.34,-0.03,0.31,0.70,428,8.01,8.47,9.07,9.60,9.96
9449424,56,30,908,-0.62,-0.32,-0.02,0.31,0.70,428,8.03,8.48,9.06,9.58,9.96
9449424,57,30,908,-0.61,-0.31,-0.02,0.32,0.70,428,8.01,8.46,9.04,9.57,9.94
9449424,58,30,908,-0.60,-0.31,-0.02,0.33,0.72,428,8.01,8.46,9.02,9.52,9.94
9449424,59,30,908,-0.58,-0.31,-0.02,0.33,0.72,428,8.00,8.45,8.99,9.47,9.91
9449424,60,30,908,-0.58,-0.31,-0.01,0.34,0.74,428,7.99,8.42,8.95,9.43,9.90
9449424,61,30,908,-0.57,-0.30,0.00,0.34,0.73,428,7.99,8.39,8.90,9.39,9.81
9449424,62,30,908,-0.56,-0.30,0.00,0.34,0.70,428,8.00,8.40,8.87,9.37,9.81
9449424,63,30,908,-0.55,-0.29,0.00,0.33,0.70,428,7.99,8.36,8.87,9.36,9.84
9449424,64,30,908,-0.54,-0.29,-0.01,0.32,0.67,428,7.99,8.36,8.84,9.37,9.84
9449424,65,30,908,-0.55,-0.29,0.00,0.32,0.66,428,8.01,8.39,8.84,9.36,9.86
9449424,66,30,908,-0.55,-0.29,0.01,0.33,0.65,428,8.03,8.39,8.84,9.34,9.84
9449424,67,30,908,-0.55,-0.29,0.01,0.34,0.65,428,8.04,8.41,8.83,9.30,9.83
9449424,68,30,908,-0.55,-0.29,0.02,0.34,0.65,450,8.05,8.45,8.83,9.30,9.82
9449424,69,30,908,-0.55,-0.28,0.02,0.34,0.66,450,8.05,8.41,8.82,9.28,9.72
9449424,70,30,908,-0.54,-0.28,0.03,0.35,0.68,450,8.05,8.41,8.79,9.24,9.67
9449424,71,30,908,-0.54,-0.27,0.03,0.36,0.70,450,8.05,8.40,8.78,9.21,9.62
9449424,72,30,908,-0.53,-0.26,0.04,0.36,0.70,450,8.04,8.39,8.77,9.21,9.55
9449424,73,30,908,-0.52,-0.25,0.05,0.37,0.70,450,8.03,8.39,8.77,9.22,9.61
9449424,74,30,908,-0.52,-0.25,0.05,0.37,0.70,450,8.03,8.39,8.79,9.24,9.62
9449424,75,30,908,-0.52,-0.25,0.05,0.38,0.71,450,7.99,8.39,8.80,9.24,9.68
9449424,76,30,930,-0.52,-0.25,0.05,0.38,0.70,450,7.98,8.39,8.81,9.23,9.62
9449424,77,30,930,-0.53,-0.25,0.04,0.37,0.70,450,7.89,8.38,8.81,9.23,9.61
9449424,78,30,930,-0.52,-0.25,0.04,0.36,0.69,450,7.90,8.39,8.80,9.19,9.60
9449424,79,30,930,-0.53,-0.25,0.02,0.36,0.69,450,7.90,8.39,8.80,9.18,9.60
9449424,80,30,930,-0.52,-0.25,0.02,0.35,0.69,450,7.88,8.39,8.80,9.19,9.60
9449424,81,30,930,-0.52,-0.25,0.02,0.35,0.70,450,7.89,8.36,8.80,9.24,9.60
9449424,82,30,930,-0.51,-0.25,0.03,0.35,0.69,450,7.90,8.36,8.80,9.24,9.64
9449424,83,30,930,-0.50,-0.25,0.04,0.36,0.70,450,7.89,8.35,8.80,9.26,9.65
9449424,84,30,930,-0.49,-0.24,0.05,0.37,0.69,450,7.89,8.35,8.81,9.25,9.64
9449424,85,30,930,-0.48,-0.23,0.04,0.36,0.69,450,7.92,8.34,8.79,9.25,9.64
9449424,86,30,930,-0.48,-0.23,0.05,0.37,0.68,450,7.95,8.33,8.76,9.24,9.62
9449424,87,30,930,-0.47,-0.23,0.05,0.36,0.67,450,7.98,8.30,8.75,9.21,9.65
9449424,88,30,930,-0.46,-0.22,0.05,0.36,0.65,450,7.98,8.29,8.73,9.17,9.61
9449424,89,30,930,-0.46,-0.22,0.06,0.36,0.64,450,7.98,8.30,8.73,9.16,9.58
9449424,90,30,930,-0.46,-0.22,0.06,0.36,0.63,450,8.02,8.33,8.71,9.15,9.56
9449424,91,30,930,-0.46,-0.22,0.06,0.35,0.63,450,8.02,8.34,8.71,9.15,9.58
9449424,92,30,930,-0.46,-0.22,0.05,0.35,0.63,450,8.04,8.35,8.72,9.16,9.61
9449424,93,30,930,-0.46,-0.22,0.05,0.36,0.63,450,8.06,8.37,8.71,9.14,9.58
9449424,94,30,930,-0.46,-0.21,0.04,0.35,0.61,450,8.07,8.37,8.71,9.12,9.55
9449424,95,30,930,-0.46,-0.21,0.04,0.34,0.61,450,8.08,8.37,8.70,9.08,9.49
9449424,96,30,930,-0.46,-0.21,0.04,0.34,0.58,450,8.09,8.38,8.70,9.05,9.47
9449424,97,30,930,-0.46,-0.21,0.03,0.33,0.58,450,8.11,8.39,8.72,9.05,9.45
9449424,98,30,930,-0.45,-0.22,0.02,0.32,0.56,450,8.13,8.41,8.72,9.05,9.45
9449424,99,30,930,-0.46,-0.22,0.02,0.31,0.55,450,8.14,8.41,8.73,9.05,9.45
9449424,100,30,930,-0.46,-0.22,0.01,0.31,0.55,450,8.15,8.43,8.74,9.08,9.47
9449424,101,30,930,-0.46,-0.23,0.01,0.31,0.54,450,8.18,8.44,8.76,9.11,9.47
9449424,102,30,930,-0.46,-0.23,0.01,0.30,0.53,450,8.23,8.46,8.77,9.12,9.46
9449424,103,30,930,-0.46,-0.23,0.00,0.30,0.53,450,8.23,8.45,8.77,9.13,9.47
9449424,104,30,930,-0.46,-0.23,0.00,0.28,0.53,450,8.21,8.44,8.79,9.13,9.48
9449424,105,30,930,-0.45,-0.23,-0.01,0.27,0.52,450,8.17,8.43,8.78,9.14,9.48
9449424,106,30,930,-0.45,-0.23,-0.01,0.26,0.52,450,8.15,8.43,8.79,9.15,9.48
9449424,107,30,930,-0.45,-0.23,-0.02,0.26,0.50,450,8.13,8.43,8.79,9.15,9.47
9449424,108,30,930,-0.45,-0.23,-0.02,0.26,0.50,450,8.11,8.42,8.82,9.16,9.48
9449424,109,30,930,-0.45,-0.22,-0.02,0.26,0.49,450,8.13,8.43,8.83,9.16,9.50
9449424,110,30,930,-0.44,-0.22,-0.01,0.24,0.47,450,8.15,8.45,8.84,9.18,9.50
9449424,111,30,930,-0.44,-0.22,-0.01,0.24,0.47,450,8.15,8.46,8.84,9.18,9.51
9449424,112,30,930,-0.44,-0.22,-0.01,0.23,0.46,450,8.15,8.44,8.84,9.18,9.49
9449424,113,30,930,-0.44,-0.22,-0.01,0.23,0.46,450,8.14,8.44,8.83,9.18,9.49
9449424,114,30,930,-0.44,-0.22,-0.02,0.22,0.45,450,8.11,8.44,8.84,9.18,9.47
9449424,115,30,930,-0.45,-0.23,-0.03,0.22,0.43,450,8.11,8.43,8.84,9.18,9.46
9449424,116,30,930,-0.46,-0.24,-0.03,0.22,0.42,450,8.11,8.43,8.84,9.18,9.48
9449424,117,30,930,-0.46,-0.24,-0.03,0.21,0.41,450,8.11,8.44,8.86,9.19,9.49
9449424,118,30,930,-0.46,-0.24,-0.04,0.20,0.39,450,8.13,8.48,8.86,9.18,9.49
9449424,119,30,930,-0.46,-0.24,-0.04,0.20,0.39,450,8.16,8.52,8.86,9.18,9.47
9449424,120,30,930,-0.45,-0.24,-0.04,0.20,0.38,450,8.21,8.53,8.88,9.18,9.45
9449424,121,30,930,-0.45,-0.24,-0.04,0.20,0.37,450,8.23,8.53,8.88,9.18,9.47
9449424,122,30,930,-0.44,-0.23,-0.03,0.20,0.38,450,8.23,8.53,8.88,9.19,9.49
9449424,123,30,930,-0.43,-0.23,-0.03,0.20,0.37,450,8.22,8.52,8.88,9.20,9.50
9449424,124,30,930,-0.42,-0.22,-0.03,0.20,0.37,450,8.17,8.50,8.89,9.21,9.53
9449424,125,30,930,-0.42,-0.22,-0.03,0.20,0.38,450,8.14,8.49,8.89,9.22,9.56
9449424,126,30,930,-0.42,-0.22,-0.02,0.20,0.38,450,8.10,8.49,8.91,9.23,9.56
9449424,127,30,930,-0.42,-0.22,-0.02,0.20,0.38,450,8.11,8.53,8.92,9.23,9.58
9449424,128,30,930,-0.42,-0.22,-0.02,0.20,0.39,450,8.18,8.56,8.94,9.23,9.58
9449424,129,30,930,-0.42,-0.22,-0.02,0.20,0.39,450,8.26,8.61,8.95,9.26,9.59
9449424,130,30,930,-0.40,-0.21,-0.02,0.20,0.38,450,8.32,8.63,8.96,9.27,9.58
9449424,131,30,930,-0.40,-0.20,-0.01,0.19,0.38,450,8.33,8.65,8.97,9.33,9.62
9449424,132,30,930,-0.39,-0.20,-0.01,0.19,0.38,450,8.33,8.65,8.97,9.35,9.67
9449424,133,30,930,-0.39,-0.20,-0.01,0.19,0.37,450,8.31,8.65,8.98,9.39,9.69
9449424,134,30,930,-0.39,-0.20,-0.01,0.19,0.37,450,8.28,8.65,9.00,9.44,9.75
9449424,135,30,930,-0.37,-0.19,-0.01,0.19,0.37,450,8.27,8.65,9.04,9.46,9.78
9449424,136,30,930,-0.36,-0.19,-0.01,0.19,0.37,450,8.31,8.67,9.07,9.48,9.78
9449424,137,30,930,-0.36,-0.19,0.00,0.19,0.37,450,8.37,8.72,9.07,9.47,9.78
9449424,138,30,930,-0.34,-0.18,0.00,0.19,0.38,450,8.43,8.74,9.08,9.46,9.75
9449424,139,30,930,-0.34,-0.18,0.00,0.19,0.38,450,8.47,8.77,9.10,9.45,9.72
9449424,140,30,930,-0.33,-0.18,0.00,0.19,0.38,450,8.47,8.77,9.11,9.46,9.74
9449424,141,30,930,-0.32,-0.17,0.00,0.19,0.38,450,8.46,8.76,9.12,9.48,9.78
9449424,142,30,930,-0.32,-0.17,0.01,0.19,0.38,450,8.40,8.76,9.13,9.53,9.81
9449424,143,30,930,-0.32,-0.17,0.01,0.19,0.38,450,8.37,8.73,9.16,9.55,9.83
9449424,144,30,930,-0.32,-0.17,0.01,0.19,0.38,450,8.35,8.70,9.16,9.58,9.83
9449424,145,30,930,-0.32,-0.16,0.01,0.19,0.37,450,8.35,8.72,9.15,9.60,9.83
9449424,146,30,930,-0.30,-0.16,0.02,0.20,0.37,450,8.38,8.75,9.15,9.59,9.83
9449424,147,30,930,-0.30,-0.15,0.02,0.20,0.38,450,8.40,8.78,9.14,9.56,9.83
9449424,148,30,930,-0.28,-0.15,0.02,0.20,0.38,450,8.43,8.80,9.13,9.55,9.81
9449424,149,30,930,-0.28,-0.15,0.03,0.20,0.38,450,8.46,8.80,9.12,9.53,9.81
9449424,150,30,930,-0.28,-0.14,0.03,0.20,0.38,450,8.44,8.79,9.12,9.55,9.83
9449424,151,30,930,-0.28,-0.14,0.03,0.20,0.37,450,8.41,8.77,9.11,9.58,9.87
9449424,152,30,930,-0.28,-0.15,0.02,0.19,0.37,450,8.40,8.75,9.12,9.61,9.90
9449424,153,30,930,-0.29,-0.15,0.02,0.19,0.36,450,8.38,8.73,9.13,9.64,9.93
9449424,154,30,930,-0.30,-0.16,0.01,0.19,0.34,450,8.38,8.73,9.14,9.66,9.93
9449424,155,30,930,-0.30,-0.16,0.01,0.18,0.33,450,8.40,8.76,9.15,9.66,9.90
9449424,156,30,930,-0.30,-0.17,0.00,0.17,0.32,450,8.44,8.80,9.15,9.62,9.89
9449424,157,30,930,-0.30,-0.17,0.00,0.17,0.31,450,8.49,8.82,9.14,9.58,9.87
9449424,158,30,930,-0.30,-0.17,-0.01,0.16,0.30,450,8.53,8.83,9.14,9.55,9.85
9449424,159,30,930,-0.30,-0.17,-0.01,0.15,0.30,450,8.51,8.84,9.14,9.53,9.85
9449424,160,30,930,-0.30,-0.17,-0.01,0.15,0.30,450,8.47,8.83,9.15,9.57,9.87
9449424,161,30,930,-0.30,-0.17,-0.01,0.15,0.30,450,8.44,8.80,9.16,9.57,9.88
9449424,162,30,930,-0.30,-0.17,-0.02,0.15,0.29,450,8.41,8.76,9.18,9.61,9.89
9449424,163,30,930,-0.30,-0.18,-0.02,0.14,0.29,450,8.39,8.76,9.19,9.61,9.89
9449424,164,30,930,-0.31,-0.18,-0.02,0.14,0.29,450,8.38,8.78,9.20,9.59,9.88
9449424,165,30,930,-0.31,-0.18,-0.02,0.13,0.29,450,8.41,8.80,9.19,9.55,9.86
9449424,166,30,930,-0.31,-0.18,-0.02,0.13,0.29,450,8.49,8.83,9.17,9.51,9.81
9449424,167,30,930,-0.31,-0.18,-0.01,0.14,0.29,450,8.52,8.83,9.16,9.48,9.77
9449424,168,30,930,-0.31,-0.17,-0.01,0.14,0.29,450,8.52,8.83,9.13,9.47,9.74
9449424,169,30,930,-0.31,-0.17,-0.01,0.14,0.29,450,8.49,8.82,9.13,9.46,9.74
9449424,170,30,930,-0.31,-0.17,-0.01,0.14,0.28,450,8.42,8.80,9.13,9.47,9.76
9449424,171,30,930,-0.31,-0.18,-0.01,0.13,0.28,450,8.38,8.78,9.13,9.50,9.80
9449424,172,30,930,-0.31,-0.18,-0.02,0.13,0.28,450,8.37,8.75,9.13,9.51,9.84
9449424,173,30,930,-0.31,-0.18,-0.02,0.13,0.28,450,8.38,8.78,9.14,9.52,9.85
9449424,174,30,930,-0.31,-0.19,-0.03,0.12,0.27,450,8.42,8.80,9.14,9.50,9.82
9449424,175,30,930,-0.31,-0.18,-0.03,0.12,0.26,450,8.47,8.83,9.14,9.47,9.78
9449424,176,30,930,-0.31,-0.18,-0.03,0.12,0.26,450,8.51,8.85,9.13,9.43,9.70
9449424,177,30,930,-0.31,-0.18,-0.03,0.11,0.25,450,8.51,8.85,9.13,9.42,9.70
9449424,178,30,930,-0.31,-0.18,-0.03,0.11,0.24,450,8.51,8.83,9.12,9.42,9.75
9449424,179,30,930,-0.30,-0.18,-0.03,0.11,0.24,450,8.48,8.82,9.12,9.44,9.78
9449424,180,30,930,-0.30,-0.18,-0.03,0.11,0.24,450,8.42,8.80,9.13,9.47,9.85
9449424,181,30,930,-0.30,-0.18,-0.03,0.11,0.24,450,8.38,8.78,9.14,9.49,9.86
9449424,182,30,930,-0.30,-0.18,-0.04,0.11,0.24,450,8.37,8.77,9.16,9.49,9.86
9449424,183,30,930,-0.29,-0.18,-0.03,0.11,0.23,450,8.38,8.77,9.17,9.49,9.85
9449424,184,30,930,-0.29,-0.17,-0.03,0.11,0.23,450,8.42,8.79,9.16,9.45,9.80
9449424,185,30,930,-0.28,-0.17,-0.02,0.11,0.23,450,8.47,8.81,9.14,9.42,9.74
9449424,186,30,930,-0.28,-0.16,-0.02,0.11,0.24,450,8.51,8.81,9.14,9.40,9.69
9449424,187,30,930,-0.28,-0.16,-0.02,0.12,0.24,450,8.49,8.80,9.13,9.39,9.68
9449424,188,30,930,-0.27,-0.16,-0.02,0.12,0.26,450,8.44,8.77,9.11,9.41,9.68
9449424,189,30,930,-0.27,-0.15,-0.01,0.12,0.26,450,8.42,8.74,9.10,9.44,9.73
9449424,190,30,930,-0.27,-0.15,-0.01,0.12,0.26,450,8.39,8.73,9.11,9.45,9.75
9449424,191,30,930,-0.27,-0.15,-0.01,0.12,0.25,450,8.38,8.71,9.11,9.48,9.77
9449424,192,30,930,-0.27,-0.15,-0.01,0.12,0.25,450,8.35,8.73,9.11,9.48,9.75
9449424,193,30,930,-0.26,-0.15,-0.01,0.12,0.25,450,8.42,8.74,9.10,9.45,9.71
9449424,194,30,930,-0.25,-0.14,-0.01,0.13,0.23,450,8.44,8.74,9.09,9.42,9.68
9449424,195,30,930,-0.24,-0.14,-0.01,0.13,0.23,450,8.47,8.75,9.07,9.39,9.65
9449424,196,30,930,-0.24,-0.14,-0.01,0.13,0.24,450,8.49,8.74,9.06,9.38,9.62
9449424,197,30,930,-0.24,-0.14,-0.01,0.12,0.23,450,8.47,8.74,9.04,9.38,9.62
9449424,198,30,929,-0.24,-0.14,-0.01,0.12,0.23,450,8.42,8.72,9.04,9.38,9.63
9449424,199,30,928,-0.24,-0.14,-0.01,0.12,0.23,450,8.36,8.69,9.04,9.40,9.64
9449424,200,30,927,-0.24,-0.14,-0.01,0.11,0.23,450,8.34,8.67,9.04,9.42,9.64
9449424,201,30,926,-0.24,-0.14,-0.02,0.12,0.23,450,8.34,8.67,9.04,9.41,9.64
9449424,202,30,925,-0.24,-0.14,-0.01,0.12,0.23,450,8.35,8.68,9.03,9.38,9.63
9449424,203,30,924,-0.24,-0.13,-0.01,0.12,0.23,450,8.37,8.69,9.03,9.33,9.62
9449424,204,30,923,-0.23,-0.12,0.00,0.13,0.25,450,8.39,8.69,9.00,9.30,9.57
9449424,205,30,922,-0.23,-0.12,0.00,0.13,0.26,450,8.39,8.69,8.99,9.26,9.53
9449424,206,30,921,-0.23,-0.11,0.00,0.14,0.26,449,8.37,8.68,8.98,9.24,9.51
9449424,207,30,920,-0.23,-0.11,0.00,0.14,0.26,448,8.36,8.68,8.96,9.21,9.52
9449424,208,30,919,-0.23,-0.11,0.00,0.14,0.26,447,8.34,8.66,8.96,9.24,9.54
9449424,209,30,918,-0.22,-0.11,0.00,0.14,0.26,446,8.29,8.64,8.96,9.26,9.58
9449424,210,30,917,-0.23,-0.11,0.00,0.14,0.26,445,8.28,8.64,8.97,9.29,9.60
9449424,211,30,916,-0.23,-0.11,0.00,0.14,0.26,444,8.29,8.64,8.96,9.30,9.60
9449424,212,30,915,-0.22,-0.11,0.00,0.14,0.26,443,8.31,8.64,8.95,9.28,9.58
9449424,213,30,914,-0.21,-0.11,0.00,0.13,0.25,442,8.35,8.64,8.93,9.25,9.54
9449424,214,30,913,-0.21,-0.11,0.00,0.13,0.25,441,8.34,8.63,8.90,9.19,9.51
9449424,215,30,912,-0.22,-0.11,0.00,0.13,0.25,440,8.28,8.62,8.89,9.15,9.48
9449424,216,30,911,-0.22,-0.12,0.00,0.13,0.25,439,8.26,8.60,8.87,9.14,9.48
9449424,217,30,910,-0.22,-0.12,0.00,0.13,0.25,438,8.23,8.57,8.86,9.16,9.52
9449424,218,30,909,-0.22,-0.12,0.00,0.13,0.25,437,8.21,8.57,8.85,9.19,9.54
9449424,219,30,908,-0.22,-0.12,0.00,0.13,0.25,436,8.17,8.56,8.84,9.21,9.56
9449424,220,30,907,-0.22,-0.12,0.00,0.13,0.25,435,8.16,8.56,8.84,9.23,9.56
9449424,221,30,906,-0.22,-0.12,0.01,0.13,0.25,435,8.17,8.55,8.83,9.20,9.54
9449424,222,30,905,-0.22,-0.11,0.01,0.13,0.26,435,8.20,8.53,8.80,9.15,9.51
9449424,223,30,904,-0.22,-0.11,0.01,0.13,0.26,435,8.20,8.50,8.79,9.12,9.45
9449424,224,30,903,-0.22,-0.11,0.01,0.14,0.26,435,8.18,8.50,8.76,9.09,9.40
9449424,225,30,902,-0.22,-0.11,0.01,0.13,0.26,435,8.14,8.46,8.74,9.07,9.37
9449424,226,30,901,-0.22,-0.12,0.01,0.13,0.26,435,8.09,8.43,8.72,9.04,9.38
9449424,227,30,900,-0.22,-0.12,0.01,0.13,0.26,435,8.06,8.38,8.71,9.07,9.41
9449424,228,30,899,-0.23,-0.12,0.01,0.13,0.26,435,8.05,8.35,8.71,9.09,9.45
9449424,229,30,899,-0.22,-0.11,0.01,0.13,0.26,435,8.02,8.33,8.71,9.12,9.46
9449424,230,30,899,-0.23,-0.11,0.01,0.14,0.26,435,8.02,8.33,8.69,9.11,9.45
9449424,231,30,899,-0.23,-0.12,0.01,0.14,0.26,435,8.03,8.34,8.66,9.07,9.43
9449424,232,30,899,-0.23,-0.12,0.01,0.13,0.26,435,8.03,8.33,8.64,8.97,9.38
9449424,233,30,899,-0.24,-0.12,0.01,0.13,0.25,435,8.02,8.30,8.61,8.95,9.36
9449424,234,30,899,-0.25,-0.13,0.00,0.12,0.25,435,8.01,8.29,8.61,8.95,9.31
9449424,235,30,899,-0.26,-0.14,-0.01,0.12,0.25,435,8.00,8.27,8.61,8.94,9.32
9449424,236,30,899,-0.26,-0.14,-0.01,0.11,0.24,435,7.96,8.27,8.61,8.97,9.35
9449424,237,30,899,-0.27,-0.14,-0.02,0.11,0.24,435,7.90,8.25,8.61,8.99,9.37
9449424,238,30,899,-0.27,-0.14,-0.02,0.11,0.24,435,7.86,8.24,8.61,8.99,9.38
9449424,239,30,899,-0.27,-0.14,-0.02,0.11,0.24,435,7.86,8.24,8.61,8.99,9.38
9449424,240,30,899,-0.27,-0.15,-0.02,0.11,0.24,435,7.88,8.24,8.58,8.97,9.36
9449424,241,30,899,-0.27,-0.15,-0.02,0.11,0.25,435,7.86,8.22,8.54,8.92,9.27
9449424,242,30,899,-0.28,-0.15,-0.02,0.12,0.25,435,7.85,8.20,8.51,8.88,9.23
9449424,243,30,899,-0.28,-0.15,-0.02,0.11,0.25,435,7.82,8.17,8.49,8.84,9.17
9449424,244,30,899,-0.28,-0.15,-0.03,0.12,0.25,435,7.76,8.15,8.49,8.82,9.16
9449424,245,30,899,-0.28,-0.15,-0.03,0.12,0.26,435,7.75,8.13,8.49,8.84,9.18
9449424,246,30,899,-0.28,-0.15,-0.03,0.12,0.26,435,7.74,8.11,8.49,8.86,9.21
9449424,247,30,899,-0.28,-0.15,-0.03,0.12,0.27,435,7.72,8.10,8.49,8.89,9.21
9449424,248,30,899,-0.28,-0.15,-0.02,0.12,0.27,435,7.70,8.10,8.47,8.88,9.21
9449424,249,30,899,-0.28,-0.16,-0.03,0.12,0.28,435,7.72,8.11,8.45,8.84,9.20
9449424,250,30,899,-0.29,-0.16,-0.03,0.12,0.27,435,7.74,8.10,8.43,8.80,9.17
9449424,251,30,899,-0.30,-0.16,-0.03,0.12,0.27,435,7.76,8.09,8.41,8.77,9.13
9449424,252,30,899,-0.31,-0.17,-0.04,0.12,0.27,435,7.76,8.09,8.39,8.75,9.09
9449424,253,30,899,-0.31,-0.17,-0.04,0.12,0.28,435,7.76,8.08,8.39,8.76,9.09
9449424,254,30,899,-0.32,-0.18,-0.04,0.12,0.28,435,7.74,8.05,8.39,8.78,9.11
9449424,255,30,899,-0.33,-0.19,-0.04,0.12,0.28,435,7.71,8.04,8.39,8.82,9.15
9449424,256,30,899,-0.33,-0.19,-0.04,0.12,0.28,435,7.69,8.03,8.40,8.86,9.17
9449424,257,30,899,-0.33,-0.20,-0.05,0.12,0.28,435,7.71,8.04,8.40,8.88,9.19
9449424,258,30,899,-0.33,-0.20,-0.04,0.13,0.29,435,7.78,8.04,8.39,8.85,9.18
9449424,259,30,899,-0.33,-0.20,-0.04,0.13,0.30,435,7.81,8.05,8.39,8.82,9.15
9449424,260,30,899,-0.34,-0.20,-0.04,0.13,0.31,435,7.82,8.07,8.39,8.79,9.13
9449424,261,30,899,-0.34,-0.21,-0.05,0.13,0.32,435,7.83,8.07,8.39,8.78,9.10
9449424,262,30,899,-0.35,-0.21,-0.05,0.13,0.32,435,7.82,8.07,8.39,8.78,9.09
9449424,263,30,899,-0.35,-0.22,-0.05,0.14,0.32,435,7.82,8.04,8.40,8.82,9.11
9449424,264,30,899,-0.37,-0.23,-0.06,0.14,0.33,435,7.80,8.04,8.41,8.85,9.14
9449424,265,30,899,-0.38,-0.24,-0.05,0.14,0.34,435,7.80,8.04,8.44,8.88,9.17
9449424,266,30,899,-0.38,-0.24,-0.05,0.14,0.34,435,7.80,8.05,8.45,8.90,9.18
9449424,267,30,899,-0.38,-0.24,-0.05,0.14,0.35,435,7.80,8.06,8.45,8.89,9.19
9449424,268,30,899,-0.38,-0.24,-0.05,0.14,0.36,435,7.81,8.08,8.44,8.85,9.19
9449424,269,30,899,-0.39,-0.24,-0.05,0.14,0.37,435,7.83,8.08,8.41,8.82,9.18
9449424,270,30,899,-0.39,-0.24,-0.06,0.14,0.37,435,7.83,8.09,8.41,8.80,9.15
9449424,271,30,899,-0.39,-0.24,-0.06,0.14,0.37,435,7.83,8.09,8.41,8.76,9.17
9449424,272,30,899,-0.40,-0.25,-0.06,0.14,0.38,435,7.84,8.09,8.45,8.79,9.15
9449424,273,30,900,-0.41,-0.25,-0.06,0.13,0.38,435,7.83,8.09,8.46,8.82,9.17
9449424,274,30,901,-0.43,-0.26,-0.06,0.13,0.40,435,7.83,8.10,8.50,8.85,9.18
9449424,275,30,902,-0.43,-0.27,-0.07,0.14,0.41,435,7.83,8.12,8.51,8.87,9.19
9449424,276,30,903,-0.44,-0.28,-0.07,0.14,0.42,435,7.87,8.13,8.53,8.87,9.20
9449424,277,30,904,-0.45,-0.29,-0.07,0.14,0.43,435,7.87,8.14,8.53,8.89,9.22
9449424,278,30,905,-0.46,-0.30,-0.08,0.14,0.43,435,7.88,8.15,8.53,8.88,9.22
9449424,279,30,906,-0.46,-0.31,-0.08,0.14,0.45,435,7.90,8.18,8.53,8.86,9.22
9449424,280,30,907,-0.46,-0.31,-0.08,0.15,0.46,435,7.91,8.20,8.53,8.85,9.23
9449424,281,30,908,-0.46,-0.31,-0.08,0.15,0.47,436,7.90,8.20,8.53,8.85,9.24
9449424,282,30,909,-0.47,-0.31,-0.08,0.16,0.47,437,7.91,8.21,8.55,8.88,9.26
9449424,283,30,910,-0.48,-0.31,-0.08,0.16,0.47,438,7.92,8.22,8.57,8.90,9.29
9449424,284,30,911,-0.49,-0.32,-0.09,0.16,0.48,439,7.92,8.24,8.58,8.97,9.32
9449424,285,30,912,-0.51,-0.32,-0.09,0.17,0.48,440,7.91,8.25,8.59,9.02,9.36
9449424,286,30,913,-0.52,-0.32,-0.09,0.17,0.48,441,7.92,8.26,8.62,9.06,9.39
9449424,287,30,914,-0.53,-0.32,-0.09,0.18,0.51,442,7.91,8.28,8.63,9.10,9.43
9449424,288,30,915,-0.53,-0.33,-0.09,0.18,0.52,443,7.93,8.28,8.66,9.14,9.49
9449424,289,30,916,-0.54,-0.34,-0.10,0.17,0.52,444,7.93,8.30,8.71,9.16,9.51
9449424,290,30,917,-0.56,-0.35,-0.10,0.18,0.53,445,7.94,8.31,8.73,9.19,9.52
9449424,291,30,918,-0.58,-0.36,-0.10,0.18,0.53,446,7.95,8.35,8.75,9.20,9.52
9449424,292,30,919,-0.58,-0.37,-0.10,0.19,0.53,447,7.96,8.37,8.75,9.21,9.58
9449424,293,30,920,-0.60,-0.37,-0.11,0.19,0.53,448,7.98,8.37,8.77,9.22,9.61
9449424,294,30,921,-0.60,-0.37,-0.11,0.19,0.53,449,8.02,8.37,8.80,9.23,9.62
9449424,295,30,922,-0.60,-0.37,-0.10,0.21,0.53,450,8.02,8.41,8.84,9.26,9.64
9449424,296,30,923,-0.60,-0.37,-0.11,0.22,0.53,450,8.03,8.43,8.87,9.30,9.66
9449424,297,30,924,-0.60,-0.38,-0.11,0.23,0.54,450,8.04,8.45,8.89,9.31,9.71
9449424,298,30,925,-0.61,-0.38,-0.11,0.23,0.55,450,8.04,8.46,8.91,9.33,9.78
9449424,299,30,926,-0.61,-0.38,-0.11,0.24,0.56,450,8.06,8.49,8.89,9.34,9.78
9449424,300,30,927,-0.61,-0.38,-0.12,0.24,0.56,450,8.14,8.52,8.90,9.35,9.78
9449424,301,30,928,-0.61,-0.38,-0.11,0.24,0.56,450,8.19,8.55,8.91,9.36,9.78
9449424,302,30,929,-0.61,-0.38,-0.10,0.25,0.57,450,8.25,8.56,8.91,9.38,9.78
9449424,303,30,930,-0.60,-0.38,-0.10,0.25,0.58,450,8.27,8.57,8.91,9.39,9.80
9449424,304,30,930,-0.60,-0.37,-0.10,0.26,0.59,450,8.26,8.56,8.91,9.41,9.83
9449424,305,30,930,-0.59,-0.37,-0.10,0.26,0.60,450,8.22,8.56,8.95,9.45,9.89
9449424,306,30,930,-0.59,-0.36,-0.09,0.27,0.61,450,8.21,8.57,8.98,9.50,9.94
9449424,307,30,930,-0.59,-0.36,-0.08,0.27,0.61,450,8.21,8.59,9.02,9.54,10.04
9449424,308,30,930,-0.59,-0.35,-0.08,0.26,0.60,450,8.22,8.59,9.06,9.58,10.08
9449424,309,30,930,-0.60,-0.35,-0.08,0.26,0.61,450,8.23,8.66,9.12,9.64,10.09
9449424,310,30,930,-0.61,-0.35,-0.07,0.27,0.62,450,8.26,8.69,9.15,9.65,10.09
9449424,311,30,930,-0.61,-0.36,-0.07,0.28,0.63,450,8.32,8.71,9.21,9.67,10.12
9449424,312,30,930,-0.61,-0.37,-0.07,0.30,0.64,450,8.33,8.74,9.24,9.66,10.10
9449424,313,30,930,-0.62,-0.37,-0.07,0.30,0.65,450,8.34,8.75,9.28,9.72,10.14
9449424,314,30,930,-0.62,-0.37,-0.06,0.31,0.66,450,8.34,8.76,9.30,9.80,10.19
9449424,315,30,930,-0.61,-0.36,-0.06,0.31,0.66,450,8.34,8.78,9.32,9.84,10.29
9449424,316,30,930,-0.61,-0.35,-0.05,0.31,0.67,450,8.34,8.79,9.36,9.88,10.30
9449424,317,30,930,-0.60,-0.35,-0.05,0.31,0.68,450,8.34,8.82,9.43,9.91,10.32
9449424,318,30,930,-0.61,-0.35,-0.06,0.31,0.68,450,8.36,8.87,9.44,9.94,10.37
9449424,319,30,930,-0.61,-0.35,-0.06,0.32,0.70,450,8.46,8.93,9.44,9.95,10.42
9449424,320,30,930,-0.61,-0.35,-0.06,0.32,0.71,450,8.51,8.94,9.46,9.95,10.42
9449424,321,30,930,-0.60,-0.34,-0.05,0.32,0.71,450,8.56,8.99,9.46,9.96,10.43
9449424,322,30,930,-0.59,-0.33,-0.05,0.32,0.72,450,8.57,9.00,9.47,9.96,10.41
9449424,323,30,930,-0.59,-0.34,-0.06,0.33,0.72,450,8.62,9.02,9.47,9.97,10.43
9449424,324,30,930,-0.60,-0.34,-0.05,0.34,0.73,450,8.56,9.02,9.48,10.00,10.54
9449424,325,30,930,-0.61,-0.35,-0.05,0.35,0.74,450,8.55,9.03,9.53,10.04,10.56
9449424,326,30,930,-0.61,-0.35,-0.05,0.36,0.74,450,8.54,9.03,9.53,10.06,10.60
9449424,327,30,930,-0.63,-0.36,-0.05,0.37,0.74,450,8.54,9.04,9.57,10.10,10.65
9449424,328,30,930,-0.64,-0.37,-0.05,0.37,0.75,450,8.56,9.05,9.57,10.14,10.62
9449424,329,30,930,-0.65,-0.38,-0.06,0.38,0.76,450,8.56,9.05,9.57,10.11,10.67
9449424,330,30,930,-0.67,-0.39,-0.05,0.38,0.77,450,8.58,9.06,9.58,10.11,10.63
9449424,331,30,930,-0.68,-0.41,-0.05,0.40,0.78,450,8.63,9.06,9.58,10.11,10.65
9449424,332,30,930,-0.67,-0.41,-0.05,0.41,0.82,450,8.63,9.06,9.57,10.09,10.62
9449424,333,30,930,-0.67,-0.41,-0.04,0.42,0.85,450,8.58,9.07,9.59,10.08,10.61
9449424,334,30,930,-0.68,-0.42,-0.04,0.42,0.86,450,8.58,9.08,9.61,10.08,10.61
9449424,335,30,930,-0.68,-0.43,-0.04,0.42,0.88,450,8.60,9.12,9.63,10.11,10.61
9449424,336,30,930,-0.70,-0.43,-0.04,0.42,0.88,450,8.63,9.13,9.63,10.14,10.61
9449424,337,30,930,-0.72,-0.44,-0.05,0.42,0.90,450,8.67,9.17,9.66,10.16,10.62
9449424,338,30,930,-0.72,-0.45,-0.05,0.43,0.90,450,8.70,9.21,9.66,10.21,10.65
9449424,339,30,930,-0.73,-0.45,-0.06,0.44,0.90,450,8.76,9.24,9.67,10.19,10.67
9449424,340,30,930,-0.73,-0.45,-0.05,0.44,0.93,450,8.79,9.24,9.68,10.24,10.70
9449424,341,30,930,-0.73,-0.45,-0.05,0.44,0.93,450,8.79,9.24,9.70,10.24,10.72
9449424,342,30,930,-0.74,-0.45,-0.06,0.42,0.93,450,8.77,9.24,9.70,10.27,10.74
9449424,343,30,929,-0.74,-0.45,-0.05,0.42,0.93,450,8.76,9.24,9.72,10.28,10.74
9449424,344,30,928,-0.75,-0.46,-0.05,0.41,0.93,450,8.74,9.24,9.74,10.35,10.75
9449424,345,30,927,-0.75,-0.46,-0.06,0.41,0.93,450,8.75,9.24,9.77,10.36,10.78
9449424,346,30,926,-0.75,-0.46,-0.06,0.40,0.93,450,8.79,9.26,9.80,10.37,10.79
9449424,347,30,925,-0.76,-0.46,-0.06,0.40,0.90,450,8.80,9.27,9.83,10.41,10.81
9449424,348,30,924,-0.77,-0.46,-0.06,0.40,0.90,450,8.80,9.29,9.90,10.45,10.87
9449424,349,30,923,-0.77,-0.45,-0.05,0.39,0.89,450,8.80,9.28,9.91,10.47,10.90
9449424,350,30,922,-0.76,-0.45,-0.05,0.38,0.88,450,8.79,9.27,9.91,10.47,10.90
9449424,351,30,892,-0.77,-0.46,-0.05,0.38,0.89,449,8.79,9.24,9.89,10.47,10.91
9449424,352,30,891,-0.76,-0.46,-0.05,0.38,0.89,448,8.76,9.25,9.90,10.48,10.95
9449424,353,30,890,-0.76,-0.46,-0.05,0.38,0.88,447,8.72,9.24,9.89,10.47,10.95
9449424,354,30,889,-0.76,-0.45,-0.04,0.38,0.88,446,8.69,9.24,9.90,10.45,10.95
9449424,355,30,888,-0.76,-0.44,-0.04,0.40,0.88,445,8.67,9.24,9.91,10.43,10.91
9449424,356,30,887,-0.76,-0.44,-0.04,0.38,0.88,444,8.72,9.25,9.91,10.42,10.90
9449424,357,30,886,-0.75,-0.43,-0.04,0.37,0.86,443,8.74,9.28,9.93,10.40,10.83
9449424,358,30,885,-0.73,-0.42,-0.02,0.38,0.85,442,8.80,9.28,9.88,10.38,10.83
9449424,359,30,885,-0.71,-0.40,-0.01,0.38,0.86,412,8.81,9.28,9.86,10.36,10.83
9449424,360,30,885,-0.70,-0.39,0.00,0.39,0.85,411,8.80,9.25,9.82,10.36,10.83
9449424,361,30,885,-0.69,-0.38,0.00,0.39,0.84,410,8.79,9.21,9.75,10.36,10.89
9449424,362,30,885,-0.69,-0.38,0.00,0.38,0.82,409,8.72,9.18,9.73,10.35,10.90
9449424,363,30,885,-0.70,-0.38,0.00,0.38,0.81,408,8.74,9.18,9.73,10.34,10.87
9449424,364,30,885,-0.71,-0.38,-0.01,0.37,0.81,407,8.79,9.15,9.73,10.34,10.81
9449424,365,30,885,-0.71,-0.38,-0.02,0.37,0.79,406,8.80,9.22,9.75,10.34,10.81
9449424,366,30,885,-0.73,-0.39,-0.02,0.36,0.79,406,8.84,9.30,9.80,10.35,10.82
9444900,1,30,900,-0.60,-0.29,0.08,0.45,0.88,420,8.49,8.80,9.24,9.73,10.18
9444900,2,30,900,-0.61,-0.29,0.08,0.45,0.87,420,8.53,8.83,9.25,9.74,10.17
9444900,3,30,900,-0.61,-0.29,0.09,0.46,0.88,420,8.53,8.84,9.22,9.73,10.13
9444900,4,30,900,-0.60,-0.29,0.10,0.47,0.88,420,8.53,8.84,9.21,9.72,10.09
9444900,5,30,900,-0.60,-0.29,0.10,0.47,0.88,420,8.53,8.83,9.18,9.71,10.06
9444900,6,30,900,-0.59,-0.29,0.10,0.47,0.88,420,8.50,8.81,9.16,9.67,10.09
9444900,7,30,900,-0.58,-0.29,0.10,0.47,0.88,420,8.46,8.79,9.16,9.69,10.09
9444900,8,30,900,-0.57,-0.28,0.10,0.47,0.88,450,8.46,8.78,9.15,9.69,10.09
9444900,9,30,900,-0.57,-0.27,0.11,0.47,0.88,450,8.46,8.79,9.18,9.67,10.07
9444900,10,30,900,-0.57,-0.27,0.12,0.47,0.88,450,8.47,8.80,9.19,9.67,10.05
9444900,11,30,900,-0.57,-0.26,0.11,0.47,0.88,450,8.47,8.79,9.20,9.68,10.05
9444900,12,30,900,-0.57,-0.27,0.12,0.47,0.87,450,8.44,8.80,9.20,9.66,10.05
9444900,13,30,900,-0.57,-0.27,0.12,0.47,0.87,450,8.43,8.80,9.21,9.64,10.04
9444900,14,30,900,-0.57,-0.27,0.12,0.47,0.87,450,8.40,8.78,9.20,9.65,10.02
9444900,15,30,900,-0.57,-0.27,0.12,0.48,0.87,450,8.38,8.73,9.17,9.62,10.01
9444900,16,30,930,-0.57,-0.27,0.12,0.48,0.87,450,8.33,8.72,9.16,9.61,9.96
9444900,17,30,930,-0.57,-0.27,0.12,0.48,0.87,450,8.31,8.69,9.17,9.61,9.97
9444900,18,30,930,-0.57,-0.28,0.12,0.48,0.85,450,8.31,8.70,9.17,9.60,9.96
9444900,19,30,930,-0.57,-0.28,0.11,0.48,0.84,450,8.31,8.70,9.15,9.60,9.96
9444900,20,30,930,-0.57,-0.28,0.11,0.48,0.85,450,8.33,8.68,9.15,9.57,9.95
9444900,21,30,930,-0.57,-0.28,0.11,0.47,0.87,450,8.34,8.66,9.14,9.57,9.95
9444900,22,30,930,-0.57,-0.28,0.11,0.47,0.87,450,8.33,8.65,9.13,9.57,9.94
9444900,23,30,930,-0.57,-0.29,0.11,0.47,0.87,450,8.33,8.63,9.12,9.56,9.92
9444900,24,30,930,-0.57,-0.30,0.10,0.47,0.87,450,8.28,8.62,9.11,9.54,9.92
9444900,25,30,930,-0.57,-0.31,0.08,0.45,0.88,450,8.23,8.56,9.10,9.55,9.92
9444900,26,30,930,-0.58,-0.32,0.07,0.44,0.88,450,8.21,8.54,9.08,9.53,9.92
9444900,27,30,930,-0.58,-0.32,0.05,0.43,0.87,450,8.20,8.50,9.07,9.52,9.91
9444900,28,30,930,-0.58,-0.32,0.05,0.44,0.87,450,8.19,8.50,9.04,9.52,9.91
9444900,29,30,930,-0.58,-0.32,0.05,0.43,0.87,450,8.19,8.49,8.99,9.48,9.89
9444900,30,30,930,-0.57,-0.32,0.05,0.43,0.87,450,8.19,8.48,8.96,9.46,9.89
9444900,31,30,930,-0.57,-0.31,0.07,0.43,0.88,450,8.19,8.47,8.92,9.41,9.88
9444900,32,30,930,-0.57,-0.30,0.07,0.43,0.88,450,8.18,8.45,8.86,9.38,9.82
9444900,33,30,930,-0.56,-0.28,0.07,0.44,0.88,450,8.15,8.42,8.80,9.36,9.83
9444900,34,30,930,-0.56,-0.27,0.05,0.43,0.87,450,8.08,8.40,8.77,9.29,9.82
9444900,35,30,930,-0.56,-0.26,0.05,0.42,0.86,450,8.03,8.36,8.75,9.27,9.82
9444900,36,30,930,-0.55,-0.26,0.05,0.42,0.85,450,8.01,8.36,8.74,9.27,9.78
9444900,37,30,930,-0.55,-0.26,0.05,0.41,0.85,450,8.01,8.36,8.73,9.25,9.77
9444900,38,30,930,-0.54,-0.26,0.05,0.41,0.84,450,8.00,8.34,8.73,9.24,9.73
9444900,39,30,930,-0.54,-0.26,0.05,0.41,0.84,450,7.98,8.32,8.71,9.22,9.69
9444900,40,30,930,-0.54,-0.26,0.05,0.40,0.83,450,7.90,8.31,8.69,9.21,9.66
9444900,41,30,930,-0.54,-0.26,0.05,0.40,0.83,450,7.86,8.29,8.69,9.19,9.61
9444900,42,30,930,-0.55,-0.26,0.05,0.40,0.84,450,7.84,8.29,8.69,9.16,9.57
9444900,43,30,930,-0.55,-0.26,0.05,0.40,0.84,450,7.84,8.29,8.69,9.14,9.52
9444900,44,30,930,-0.54,-0.26,0.05,0.40,0.84,450,7.81,8.29,8.68,9.11,9.52
9444900,45,30,908,-0.54,-0.25,0.05,0.39,0.84,450,7.80,8.27,8.68,9.11,9.51
9444900,46,30,908,-0.54,-0.25,0.04,0.39,0.82,450,7.79,8.25,8.67,9.10,9.56
9444900,47,30,908,-0.53,-0.24,0.04,0.39,0.82,450,7.79,8.24,8.67,9.09,9.47
9444900,48,30,908,-0.53,-0.24,0.05,0.39,0.82,450,7.79,8.23,8.67,9.08,9.45
9444900,49,30,908,-0.52,-0.24,0.05,0.39,0.82,450,7.79,8.22,8.65,9.06,9.41
9444900,50,30,908,-0.52,-0.24,0.07,0.39,0.83,450,7.76,8.20,8.63,9.05,9.39
9444900,51,30,908,-0.52,-0.24,0.07,0.39,0.82,450,7.73,8.14,8.62,9.03,9.35
9444900,52,30,908,-0.52,-0.23,0.06,0.39,0.79,450,7.72,8.09,8.58,9.00,9.35
9444900,53,30,908,-0.53,-0.23,0.06,0.38,0.78,428,7.70,8.06,8.56,8.97,9.35
9444900,54,30,908,-0.52,-0.23,0.06,0.38,0.78,428,7.70,8.08,8.55,8.98,9.35
9444900,55,30,908,-0.52,-0.23,0.06,0.38,0.77,428,7.69,8.08,8.54,8.99,9.35
9444900,56,30,908,-0.51,-0.22,0.06,0.39,0.77,428,7.70,8.09,8.54,8.97,9.35
9444900,57,30,908,-0.50,-0.22,0.07,0.39,0.77,428,7.70,8.08,8.54,8.97,9.35
9444900,58,30,908,-0.49,-0.20,0.07,0.40,0.78,428,7.69,8.08,8.50,8.95,9.35
9444900,59,30,908,-0.48,-0.20,0.07,0.40,0.79,428,7.68,8.06,8.46,8.91,9.32
9444900,60,30,908,-0.47,-0.20,0.08,0.41,0.80,428,7.65,8.04,8.41,8.83,9.28
9444900,61,30,908,-0.45,-0.20,0.08,0.41,0.79,428,7.65,8.04,8.38,8.78,9.25
9444900,62,30,908,-0.45,-0.19,0.08,0.41,0.78,428,7.67,8.04,8.36,8.74,9.23
9444900,63,30,908,-0.45,-0.18,0.08,0.41,0.78,428,7.65,8.04,8.34,8.74,9.23
9444900,64,30,908,-0.44,-0.18,0.08,0.40,0.76,428,7.65,8.03,8.34,8.76,9.24
9444900,65,30,908,-0.45,-0.18,0.09,0.40,0.75,428,7.67,8.04,8.34,8.77,9.25
9444900,66,30,908,-0.45,-0.19,0.09,0.41,0.74,428,7.67,8.04,8.34,8.76,9.25
9444900,67,30,908,-0.45,-0.19,0.10,0.41,0.74,428,7.64,8.05,8.34,8.74,9.23
9444900,68,30,908,-0.45,-0.18,0.11,0.41,0.74,450,7.67,8.05,8.34,8.73,9.22
9444900,69,30,908,-0.45,-0.18,0.11,0.42,0.76,450,7.69,8.04,8.31,8.70,9.20
9444900,70,30,908,-0.44,-0.17,0.12,0.43,0.76,450,7.67,8.03,8.31,8.67,9.14
9444900,71,30,908,-0.42,-0.17,0.12,0.44,0.77,450,7.67,8.01,8.30,8.65,9.06
9444900,72,30,908,-0.39,-0.16,0.13,0.44,0.77,450,7.66,8.00,8.30,8.65,9.04
9444900,73,30,908,-0.39,-0.15,0.14,0.45,0.77,450,7.66,7.99,8.30,8.66,9.06
9444900,74,30,908,-0.39,-0.15,0.14,0.46,0.78,450,7.64,7.98,8.31,8.70,9.06
9444900,75,30,908,-0.40,-0.16,0.14,0.47,0.78,450,7.64,7.98,8.32,8.70,9.14
9444900,76,30,930,-0.41,-0.16,0.13,0.46,0.78,450,7.63,7.98,8.32,8.70,9.14
9444900,77,30,930,-0.43,-0.16,0.13,0.46,0.78,450,7.59,7.97,8.32,8.71,9.14
9444900,78,30,930,-0.43,-0.16,0.13,0.46,0.78,450,7.59,7.98,8.31,8.70,9.13
9444900,79,30,930,-0.43,-0.16,0.12,0.45,0.78,450,7.59,7.97,8.31,8.69,9.13
9444900,80,30,930,-0.43,-0.17,0.11,0.45,0.78,450,7.59,7.96,8.31,8.70,9.12
9444900,81,30,930,-0.43,-0.17,0.11,0.45,0.76,450,7.59,7.96,8.30,8.70,9.11
9444900,82,30,930,-0.40,-0.17,0.12,0.45,0.76,450,7.61,7.95,8.28,8.70,9.14
9444900,83,30,930,-0.40,-0.17,0.12,0.45,0.76,450,7.59,7.91,8.30,8.73,9.14
9444900,84,30,930,-0.39,-0.17,0.13,0.45,0.76,450,7.58,7.91,8.32,8.73,9.14
9444900,85,30,930,-0.39,-0.16,0.13,0.45,0.74,450,7.56,7.90,8.31,8.73,9.14
9444900,86,30,930,-0.37,-0.15,0.13,0.45,0.74,450,7.56,7.86,8.29,8.72,9.14
9444900,87,30,930,-0.36,-0.15,0.14,0.45,0.73,450,7.58,7.84,8.25,8.69,9.14
9444900,88,30,930,-0.35,-0.14,0.14,0.45,0.72,450,7.58,7.84,8.23,8.65,9.11
9444900,89,30,930,-0.36,-0.14,0.15,0.45,0.72,450,7.59,7.84,8.22,8.63,9.10
9444900,90,30,930,-0.36,-0.14,0.15,0.45,0.71,450,7.60,7.85,8.22,8.63,9.08
9444900,91,30,930,-0.36,-0.14,0.14,0.44,0.70,450,7.61,7.86,8.22,8.63,9.08
9444900,92,30,930,-0.36,-0.15,0.14,0.44,0.70,450,7.64,7.87,8.22,8.64,9.09
9444900,93,30,930,-0.36,-0.15,0.13,0.44,0.70,450,7.66,7.87,8.23,8.64,9.08
9444900,94,30,930,-0.36,-0.15,0.13,0.44,0.69,450,7.66,7.87,8.23,8.63,9.05
9444900,95,30,930,-0.36,-0.15,0.13,0.44,0.69,450,7.66,7.87,8.23,8.60,9.04
9444900,96,30,930,-0.35,-0.15,0.12,0.43,0.67,450,7.66,7.91,8.23,8.60,9.01
9444900,97,30,930,-0.34,-0.15,0.11,0.42,0.67,450,7.69,7.91,8.23,8.59,8.95
9444900,98,30,930,-0.34,-0.16,0.11,0.41,0.66,450,7.69,7.92,8.23,8.59,8.94
9444900,99,30,930,-0.36,-0.16,0.11,0.40,0.65,450,7.70,7.91,8.22,8.59,8.93
9444900,100,30,930,-0.36,-0.17,0.10,0.40,0.64,450,7.70,7.93,8.23,8.60,8.94
9444900,101,30,930,-0.36,-0.18,0.09,0.39,0.64,450,7.71,7.94,8.24,8.63,8.96
9444900,102,30,930,-0.37,-0.18,0.09,0.37,0.64,450,7.72,7.95,8.26,8.64,8.95
9444900,103,30,930,-0.37,-0.18,0.09,0.36,0.63,450,7.72,7.95,8.27,8.64,8.95
9444900,104,30,930,-0.36,-0.18,0.08,0.35,0.63,450,7.73,7.96,8.28,8.64,8.95
9444900,105,30,930,-0.36,-0.18,0.08,0.34,0.60,450,7.71,7.94,8.28,8.63,8.94
9444900,106,30,930,-0.36,-0.18,0.06,0.33,0.59,450,7.70,7.94,8.26,8.61,8.94
9444900,107,30,930,-0.36,-0.18,0.06,0.33,0.58,450,7.69,7.93,8.26,8.60,8.93
9444900,108,30,930,-0.36,-0.18,0.06,0.32,0.57,450,7.68,7.93,8.25,8.62,8.93
9444900,109,30,930,-0.36,-0.18,0.06,0.32,0.57,450,7.68,7.93,8.27,8.63,8.93
9444900,110,30,930,-0.35,-0.18,0.06,0.31,0.55,450,7.69,7.95,8.27,8.63,8.94
9444900,111,30,930,-0.34,-0.18,0.06,0.31,0.55,450,7.70,7.96,8.27,8.63,8.94
9444900,112,30,930,-0.34,-0.18,0.05,0.30,0.54,450,7.69,7.97,8.27,8.62,8.94
9444900,113,30,930,-0.35,-0.18,0.05,0.30,0.53,450,7.68,7.97,8.27,8.60,8.93
9444900,114,30,930,-0.35,-0.18,0.04,0.29,0.52,450,7.68,7.96,8.27,8.57,8.92
9444900,115,30,930,-0.35,-0.18,0.03,0.28,0.51,450,7.67,7.93,8.27,8.56,8.88
9444900,116,30,930,-0.36,-0.18,0.02,0.28,0.51,450,7.68,7.94,8.26,8.56,8.87
9444900,117,30,930,-0.36,-0.18,0.02,0.27,0.50,450,7.68,7.96,8.26,8.57,8.87
9444900,118,30,930,-0.36,-0.19,0.01,0.26,0.49,450,7.72,7.98,8.26,8.56,8.86
9444900,119,30,930,-0.36,-0.19,0.01,0.25,0.48,450,7.73,7.99,8.27,8.58,8.86
9444900,120,30,930,-0.36,-0.19,0.00,0.25,0.46,450,7.74,8.01,8.29,8.59,8.87
9444900,121,30,930,-0.36,-0.19,0.00,0.25,0.46,450,7.77,8.01,8.31,8.59,8.87
9444900,122,30,930,-0.36,-0.18,0.01,0.24,0.46,450,7.77,8.01,8.32,8.60,8.86
9444900,123,30,930,-0.35,-0.18,0.01,0.23,0.45,450,7.77,8.01,8.33,8.60,8.87
9444900,124,30,930,-0.35,-0.18,0.01,0.23,0.44,450,7.75,8.00,8.33,8.60,8.88
9444900,125,30,930,-0.35,-0.18,0.02,0.23,0.44,450,7.74,8.00,8.33,8.61,8.89
9444900,126,30,930,-0.35,-0.17,0.02,0.23,0.44,450,7.73,8.00,8.34,8.61,8.89
9444900,127,30,930,-0.35,-0.17,0.02,0.23,0.43,450,7.73,8.01,8.34,8.62,8.90
9444900,128,30,930,-0.35,-0.17,0.02,0.23,0.43,450,7.78,8.04,8.35,8.63,8.90
9444900,129,30,930,-0.35,-0.17,0.03,0.24,0.43,450,7.81,8.07,8.39,8.68,8.91
9444900,130,30,930,-0.34,-0.16,0.02,0.23,0.42,450,7.85,8.14,8.40,8.70,8.93
9444900,131,30,930,-0.33,-0.16,0.03,0.23,0.41,450,7.85,8.15,8.41,8.71,8.94
9444900,132,30,930,-0.33,-0.15,0.03,0.23,0.40,450,7.85,8.15,8.43,8.73,8.94
9444900,133,30,930,-0.33,-0.15,0.03,0.23,0.40,450,7.85,8.15,8.44,8.74,8.96
9444900,134,30,930,-0.33,-0.15,0.03,0.23,0.40,450,7.83,8.16,8.45,8.75,8.98
9444900,135,30,930,-0.33,-0.15,0.03,0.23,0.40,450,7.83,8.17,8.45,8.76,8.98
9444900,136,30,930,-0.32,-0.14,0.03,0.23,0.40,450,7.85,8.18,8.47,8.77,8.99
9444900,137,30,930,-0.32,-0.14,0.03,0.24,0.40,450,7.88,8.21,8.47,8.78,9.00
9444900,138,30,930,-0.30,-0.14,0.04,0.24,0.40,450,7.94,8.23,8.49,8.78,9.00
9444900,139,30,930,-0.29,-0.14,0.04,0.24,0.41,450,7.97,8.25,8.52,8.78,8.99
9444900,140,30,930,-0.29,-0.14,0.04,0.24,0.40,450,7.99,8.26,8.53,8.78,9.00
9444900,141,30,930,-0.28,-0.13,0.04,0.24,0.41,450,7.97,8.26,8.55,8.80,9.03
9444900,142,30,930,-0.28,-0.13,0.05,0.24,0.41,450,7.95,8.25,8.57,8.82,9.06
9444900,143,30,930,-0.27,-0.12,0.05,0.24,0.40,450,7.94,8.24,8.57,8.85,9.09
9444900,144,30,930,-0.27,-0.12,0.05,0.24,0.40,450,7.94,8.23,8.57,8.88,9.09
9444900,145,30,930,-0.27,-0.12,0.06,0.25,0.40,450,7.94,8.22,8.55,8.89,9.09
9444900,146,30,930,-0.27,-0.12,0.06,0.25,0.41,450,7.94,8.24,8.57,8.88,9.10
9444900,147,30,930,-0.26,-0.11,0.07,0.25,0.40,450,7.97,8.25,8.57,8.88,9.10
9444900,148,30,930,-0.26,-0.11,0.07,0.25,0.40,450,7.99,8.26,8.57,8.87,9.10
9444900,149,30,930,-0.26,-0.11,0.07,0.25,0.40,450,8.00,8.26,8.56,8.87,9.10
9444900,150,30,930,-0.26,-0.10,0.07,0.25,0.40,450,7.99,8.26,8.55,8.87,9.12
9444900,151,30,930,-0.26,-0.10,0.07,0.25,0.39,450,7.98,8.25,8.56,8.88,9.15
9444900,152,30,930,-0.26,-0.11,0.07,0.24,0.39,450,7.97,8.24,8.57,8.89,9.16
9444900,153,30,930,-0.27,-0.11,0.07,0.24,0.37,450,7.95,8.22,8.57,8.93,9.16
9444900,154,30,930,-0.27,-0.11,0.06,0.23,0.37,450,7.96,8.21,8.57,8.94,9.17
9444900,155,30,930,-0.27,-0.11,0.06,0.23,0.36,450,7.97,8.24,8.57,8.94,9.16
9444900,156,30,930,-0.27,-0.12,0.05,0.23,0.36,450,8.00,8.24,8.58,8.91,9.14
9444900,157,30,930,-0.27,-0.12,0.04,0.22,0.35,450,8.02,8.26,8.58,8.90,9.13
9444900,158,30,930,-0.27,-0.12,0.04,0.22,0.35,450,8.06,8.26,8.57,8.89,9.12
9444900,159,30,930,-0.27,-0.12,0.04,0.21,0.34,450,8.02,8.27,8.58,8.87,9.12
9444900,160,30,930,-0.27,-0.12,0.04,0.21,0.34,450,8.00,8.27,8.59,8.86,9.11
9444900,161,30,930,-0.27,-0.12,0.03,0.21,0.34,450,7.97,8.25,8.59,8.86,9.11
9444900,162,30,930,-0.27,-0.12,0.03,0.20,0.33,450,7.96,8.24,8.58,8.86,9.11
9444900,163,30,930,-0.27,-0.13,0.03,0.20,0.33,450,7.95,8.24,8.59,8.86,9.11
9444900,164,30,930,-0.27,-0.13,0.03,0.20,0.33,450,7.95,8.24,8.59,8.85,9.10
9444900,165,30,930,-0.27,-0.13,0.03,0.20,0.33,450,7.96,8.25,8.60,8.82,9.09
9444900,166,30,930,-0.27,-0.13,0.03,0.20,0.33,450,7.98,8.26,8.60,8.82,9.06
9444900,167,30,930,-0.27,-0.13,0.04,0.20,0.33,450,8.00,8.28,8.59,8.81,9.04
9444900,168,30,930,-0.27,-0.13,0.04,0.20,0.32,450,7.99,8.28,8.59,8.80,8.98
9444900,169,30,930,-0.27,-0.12,0.04,0.20,0.31,450,7.99,8.26,8.57,8.78,8.97
9444900,170,30,930,-0.27,-0.12,0.04,0.19,0.31,450,7.97,8.23,8.56,8.78,8.98
9444900,171,30,930,-0.27,-0.12,0.04,0.19,0.31,450,7.91,8.22,8.55,8.78,9.02
9444900,172,30,930,-0.27,-0.13,0.04,0.19,0.31,450,7.89,8.19,8.55,8.78,9.04
9444900,173,30,930,-0.27,-0.13,0.03,0.19,0.31,450,7.89,8.22,8.57,8.78,9.02
9444900,174,30,930,-0.27,-0.13,0.02,0.18,0.30,450,7.93,8.24,8.57,8.79,9.04
9444900,175,30,930,-0.27,-0.13,0.02,0.18,0.30,450,7.99,8.28,8.56,8.79,9.04
9444900,176,30,930,-0.26,-0.13,0.02,0.17,0.30,450,8.02,8.29,8.55,8.79,9.05
9444900,177,30,930,-0.26,-0.13,0.02,0.17,0.29,450,8.05,8.29,8.55,8.78,9.05
9444900,178,30,930,-0.26,-0.13,0.02,0.16,0.29,450,8.03,8.28,8.54,8.78,9.06
9444900,179,30,930,-0.26,-0.13,0.02,0.17,0.29,450,8.02,8.26,8.53,8.79,9.06
9444900,180,30,930,-0.26,-0.13,0.02,0.16,0.29,450,7.99,8.25,8.52,8.79,9.06
9444900,181,30,930,-0.26,-0.12,0.02,0.16,0.29,450,7.91,8.24,8.52,8.82,9.08
9444900,182,30,930,-0.24,-0.12,0.02,0.16,0.29,450,7.89,8.24,8.53,8.82,9.08
9444900,183,30,930,-0.23,-0.11,0.02,0.16,0.29,450,7.90,8.26,8.53,8.82,9.08
9444900,184,30,930,-0.23,-0.11,0.02,0.16,0.28,450,7.94,8.28,8.54,8.82,9.07
9444900,185,30,930,-0.23,-0.11,0.03,0.17,0.28,450,7.97,8.28,8.54,8.80,9.06
9444900,186,30,930,-0.22,-0.10,0.03,0.17,0.28,450,8.00,8.26,8.54,8.80,9.05
9444900,187,30,930,-0.21,-0.10,0.03,0.17,0.28,450,8.00,8.25,8.52,8.80,9.01
9444900,188,30,930,-0.21,-0.09,0.03,0.17,0.28,450,7.97,8.23,8.51,8.78,9.01
9444900,189,30,930,-0.21,-0.09,0.04,0.17,0.28,450,7.95,8.21,8.50,8.77,9.00
9444900,190,30,930,-0.20,-0.09,0.04,0.17,0.29,450,7.94,8.19,8.50,8.77,9.00
9444900,191,30,930,-0.20,-0.09,0.04,0.17,0.29,450,7.89,8.19,8.51,8.78,9.00
9444900,192,30,930,-0.19,-0.08,0.04,0.17,0.29,450,7.89,8.20,8.51,8.78,9.00
9444900,193,30,930,-0.19,-0.08,0.04,0.17,0.28,450,7.93,8.21,8.52,8.77,8.99
9444900,194,30,930,-0.19,-0.08,0.04,0.17,0.29,450,7.96,8.21,8.52,8.76,8.97
9444900,195,30,930,-0.18,-0.08,0.04,0.17,0.29,450,7.96,8.22,8.51,8.75,8.97
9444900,196,30,930,-0.18,-0.08,0.04,0.17,0.29,450,7.96,8.22,8.50,8.74,8.96
9444900,197,30,930,-0.18,-0.08,0.04,0.17,0.28,450,7.96,8.20,8.49,8.72,8.95
9444900,198,30,930,-0.17,-0.08,0.04,0.16,0.28,450,7.96,8.18,8.48,8.71,8.93
9444900,199,30,930,-0.17,-0.08,0.04,0.16,0.28,450,7.95,8.15,8.47,8.71,8.93
9444900,200,30,930,-0.17,-0.08,0.04,0.16,0.28,450,7.92,8.15,8.48,8.71,8.93
9444900,201,30,930,-0.17,-0.07,0.04,0.16,0.28,450,7.91,8.14,8.47,8.71,8.92
9444900,202,30,930,-0.17,-0.07,0.04,0.17,0.28,450,7.91,8.15,8.47,8.70,8.90
9444900,203,30,930,-0.16,-0.06,0.05,0.17,0.28,450,7.92,8.16,8.47,8.70,8.90
9444900,204,30,930,-0.15,-0.05,0.06,0.18,0.29,450,7.93,8.15,8.45,8.70,8.88
9444900,205,30,930,-0.15,-0.05,0.07,0.18,0.31,450,7.94,8.15,8.44,8.68,8.87
9444900,206,30,930,-0.15,-0.05,0.07,0.18,0.32,450,7.91,8.14,8.43,8.65,8.85
9444900,207,30,930,-0.15,-0.05,0.07,0.19,0.32,450,7.87,8.13,8.41,8.64,8.85
9444900,208,30,930,-0.15,-0.05,0.07,0.19,0.32,450,7.86,8.12,8.39,8.63,8.86
9444900,209,30,930,-0.14,-0.05,0.07,0.19,0.32,450,7.85,8.11,8.38,8.64,8.86
9444900,210,30,930,-0.14,-0.05,0.07,0.18,0.32,450,7.84,8.10,8.38,8.67,8.88
9444900,211,30,930,-0.14,-0.05,0.07,0.18,0.32,450,7.84,8.11,8.37,8.67,8.89
9444900,212,30,930,-0.13,-0.04,0.08,0.18,0.32,450,7.85,8.11,8.37,8.68,8.89
9444900,213,30,930,-0.13,-0.04,0.08,0.19,0.32,450,7.85,8.10,8.36,8.68,8.89
9444900,214,30,930,-0.13,-0.04,0.08,0.19,0.32,450,7.85,8.10,8.35,8.67,8.89
9444900,215,30,930,-0.14,-0.04,0.08,0.19,0.32,450,7.85,8.10,8.33,8.65,8.87
9444900,216,30,930,-0.14,-0.04,0.08,0.19,0.32,450,7.81,8.08,8.32,8.61,8.86
9444900,217,30,930,-0.14,-0.04,0.07,0.20,0.32,450,7.78,8.07,8.31,8.58,8.84
9444900,218,30,930,-0.14,-0.05,0.07,0.20,0.33,450,7.76,8.06,8.31,8.58,8.84
9444900,219,30,930,-0.15,-0.05,0.08,0.20,0.33,450,7.74,8.05,8.31,8.59,8.86
9444900,220,30,930,-0.14,-0.05,0.08,0.20,0.33,450,7.72,8.05,8.32,8.62,8.88
9444900,221,30,930,-0.14,-0.05,0.08,0.21,0.33,450,7.72,8.05,8.31,8.61,8.88
9444900,222,30,930,-0.15,-0.05,0.08,0.21,0.33,450,7.75,8.03,8.30,8.59,8.86
9444900,223,30,930,-0.15,-0.05,0.08,0.21,0.34,450,7.74,8.00,8.27,8.56,8.83
9444900,224,30,930,-0.15,-0.05,0.08,0.21,0.34,450,7.73,7.98,8.24,8.53,8.82
9444900,225,30,930,-0.15,-0.05,0.08,0.21,0.35,450,7.71,7.96,8.22,8.50,8.78
9444900,226,30,930,-0.16,-0.05,0.08,0.21,0.34,450,7.69,7.94,8.19,8.48,8.77
9444900,227,30,930,-0.16,-0.05,0.08,0.21,0.35,450,7.67,7.90,8.16,8.48,8.77
9444900,228,30,930,-0.16,-0.05,0.07,0.21,0.35,450,7.66,7.88,8.16,8.48,8.80
9444900,229,30,930,-0.15,-0.05,0.08,0.21,0.35,450,7.62,7.88,8.15,8.51,8.81
9444900,230,30,930,-0.16,-0.05,0.08,0.21,0.35,450,7.65,7.85,8.14,8.51,8.83
9444900,231,30,930,-0.16,-0.05,0.07,0.21,0.35,450,7.63,7.84,8.14,8.50,8.82
9444900,232,30,930,-0.16,-0.05,0.07,0.21,0.34,450,7.63,7.83,8.10,8.46,8.82
9444900,233,30,930,-0.16,-0.06,0.07,0.21,0.34,450,7.62,7.82,8.06,8.41,8.78
9444900,234,30,930,-0.17,-0.07,0.06,0.21,0.33,450,7.60,7.82,8.05,8.37,8.74
9444900,235,30,930,-0.18,-0.07,0.05,0.20,0.32,450,7.60,7.81,8.04,8.34,8.71
9444900,236,30,930,-0.18,-0.07,0.05,0.19,0.32,450,7.59,7.81,8.03,8.34,8.69
9444900,237,30,930,-0.18,-0.08,0.05,0.19,0.32,450,7.55,7.80,8.03,8.37,8.71
9444900,238,30,930,-0.18,-0.08,0.05,0.19,0.32,450,7.53,7.80,8.04,8.40,8.74
9444900,239,30,930,-0.19,-0.09,0.04,0.19,0.32,450,7.53,7.79,8.04,8.41,8.77
9444900,240,30,930,-0.19,-0.09,0.04,0.19,0.32,450,7.53,7.78,8.03,8.40,8.75
9444900,241,30,930,-0.20,-0.10,0.04,0.19,0.32,450,7.51,7.75,8.01,8.36,8.72
9444900,242,30,930,-0.20,-0.10,0.04,0.19,0.32,450,7.50,7.74,7.99,8.31,8.67
9444900,243,30,930,-0.20,-0.10,0.03,0.19,0.32,450,7.49,7.73,7.98,8.29,8.61
9444900,244,30,930,-0.20,-0.10,0.03,0.19,0.33,450,7.44,7.72,7.98,8.28,8.58
9444900,245,30,930,-0.21,-0.11,0.03,0.19,0.33,450,7.43,7.71,7.98,8.28,8.58
9444900,246,30,930,-0.21,-0.11,0.03,0.19,0.35,450,7.43,7.69,7.98,8.28,8.60
9444900,247,30,930,-0.21,-0.11,0.03,0.19,0.35,450,7.41,7.69,7.98,8.31,8.64
9444900,248,30,930,-0.22,-0.11,0.03,0.19,0.36,450,7.41,7.68,7.99,8.32,8.65
9444900,249,30,930,-0.22,-0.11,0.03,0.20,0.36,450,7.43,7.67,7.98,8.32,8.65
9444900,250,30,930,-0.24,-0.12,0.03,0.20,0.36,450,7.43,7.68,7.95,8.30,8.64
9444900,251,30,930,-0.25,-0.13,0.03,0.20,0.36,450,7.44,7.68,7.93,8.28,8.60
9444900,252,30,930,-0.25,-0.13,0.03,0.19,0.37,450,7.45,7.68,7.91,8.27,8.58
9444900,253,30,930,-0.27,-0.13,0.02,0.19,0.37,450,7.46,7.68,7.91,8.27,8.53
9444900,254,30,930,-0.27,-0.14,0.02,0.19,0.37,450,7.43,7.67,7.91,8.27,8.57
9444900,255,30,930,-0.28,-0.14,0.02,0.19,0.37,450,7.43,7.66,7.94,8.28,8.60
9444900,256,30,930,-0.28,-0.15,0.02,0.19,0.37,450,7.40,7.66,7.95,8.31,8.66
9444900,257,30,930,-0.28,-0.15,0.02,0.19,0.37,450,7.39,7.65,7.97,8.33,8.68
9444900,258,30,930,-0.28,-0.15,0.01,0.19,0.37,450,7.40,7.65,7.96,8.33,8.68
9444900,259,30,930,-0.29,-0.16,0.02,0.19,0.37,450,7.40,7.66,7.95,8.31,8.68
9444900,260,30,930,-0.30,-0.16,0.02,0.19,0.38,450,7.40,7.67,7.93,8.29,8.66
9444900,261,30,930,-0.31,-0.16,0.01,0.19,0.39,450,7.40,7.67,7.91,8.28,8.62
9444900,262,30,930,-0.31,-0.17,0.01,0.19,0.39,450,7.40,7.67,7.91,8.28,8.62
9444900,263,30,930,-0.33,-0.18,0.01,0.20,0.39,450,7.39,7.66,7.91,8.29,8.62
9444900,264,30,930,-0.34,-0.19,-0.01,0.20,0.40,450,7.39,7.65,7.92,8.31,8.64
9444900,265,30,930,-0.34,-0.19,-0.01,0.20,0.40,450,7.38,7.63,7.93,8.33,8.68
9444900,266,30,930,-0.34,-0.19,-0.01,0.20,0.41,450,7.38,7.63,7.95,8.35,8.71
9444900,267,30,930,-0.34,-0.19,-0.01,0.20,0.41,450,7.38,7.63,7.94,8.36,8.72
9444900,268,30,930,-0.35,-0.19,-0.01,0.20,0.42,450,7.39,7.63,7.92,8.36,8.72
9444900,269,30,930,-0.35,-0.20,-0.01,0.20,0.43,450,7.39,7.63,7.91,8.34,8.70
9444900,270,30,930,-0.35,-0.20,-0.02,0.20,0.44,450,7.41,7.63,7.90,8.31,8.68
9444900,271,30,930,-0.36,-0.20,-0.02,0.20,0.44,450,7.44,7.64,7.91,8.29,8.65
9444900,272,30,930,-0.36,-0.21,-0.03,0.20,0.45,450,7.46,7.66,7.92,8.30,8.63
9444900,273,30,930,-0.38,-0.21,-0.03,0.20,0.45,450,7.44,7.67,7.95,8.31,8.63
9444900,274,30,930,-0.39,-0.22,-0.03,0.19,0.45,450,7.46,7.68,7.99,8.34,8.64
9444900,275,30,930,-0.39,-0.23,-0.03,0.19,0.45,450,7.47,7.69,8.02,8.36,8.68
9444900,276,30,930,-0.40,-0.24,-0.04,0.20,0.46,450,7.49,7.70,8.03,8.36,8.70
9444900,277,30,930,-0.41,-0.25,-0.04,0.20,0.46,450,7.50,7.71,8.03,8.36,8.73
9444900,278,30,930,-0.41,-0.25,-0.05,0.20,0.47,450,7.52,7.71,8.03,8.35,8.70
9444900,279,30,930,-0.42,-0.26,-0.05,0.20,0.49,450,7.52,7.74,8.04,8.34,8.68
9444900,280,30,930,-0.42,-0.26,-0.05,0.21,0.50,450,7.53,7.74,8.03,8.33,8.67
9444900,281,30,930,-0.42,-0.26,-0.05,0.21,0.51,450,7.54,7.75,8.03,8.35,8.69
9444900,282,30,930,-0.42,-0.26,-0.05,0.21,0.51,450,7.56,7.76,8.04,8.37,8.74
9444900,283,30,930,-0.42,-0.26,-0.06,0.20,0.52,450,7.56,7.79,8.06,8.42,8.81
9444900,284,30,930,-0.43,-0.26,-0.06,0.20,0.52,450,7.57,7.80,8.08,8.46,8.85
9444900,285,30,930,-0.45,-0.27,-0.06,0.21,0.52,450,7.56,7.80,8.10,8.48,8.88
9444900,286,30,930,-0.46,-0.27,-0.06,0.21,0.52,450,7.56,7.81,8.14,8.54,8.90
9444900,287,30,930,-0.47,-0.28,-0.06,0.22,0.53,450,7.56,7.82,8.14,8.56,8.92
9444900,288,30,930,-0.47,-0.29,-0.06,0.22,0.54,450,7.58,7.83,8.17,8.59,8.95
9444900,289,30,930,-0.47,-0.29,-0.07,0.22,0.56,450,7.59,7.83,8.18,8.64,8.98
9444900,290,30,930,-0.48,-0.30,-0.07,0.22,0.56,450,7.59,7.85,8.19,8.66,9.00
9444900,291,30,930,-0.50,-0.32,-0.08,0.23,0.56,450,7.59,7.87,8.21,8.68,9.01
9444900,292,30,930,-0.51,-0.32,-0.09,0.23,0.56,450,7.61,7.88,8.24,8.70,9.05
9444900,293,30,930,-0.51,-0.32,-0.10,0.23,0.56,450,7.61,7.88,8.27,8.72,9.06
9444900,294,30,930,-0.52,-0.32,-0.09,0.23,0.55,450,7.62,7.89,8.29,8.73,9.07
9444900,295,30,930,-0.51,-0.32,-0.08,0.24,0.56,450,7.63,7.94,8.33,8.75,9.11
9444900,296,30,930,-0.51,-0.32,-0.09,0.25,0.57,450,7.64,7.97,8.35,8.75,9.09
9444900,297,30,930,-0.52,-0.32,-0.09,0.27,0.57,450,7.64,7.99,8.36,8.75,9.12
9444900,298,30,930,-0.53,-0.32,-0.09,0.28,0.58,450,7.64,8.00,8.36,8.75,9.15
9444900,299,30,930,-0.53,-0.33,-0.09,0.28,0.59,450,7.68,8.02,8.36,8.77,9.15
9444900,300,30,930,-0.53,-0.33,-0.09,0.28,0.58,450,7.78,8.04,8.37,8.77,9.16
9444900,301,30,930,-0.53,-0.33,-0.08,0.28,0.59,450,7.81,8.06,8.41,8.80,9.16
9444900,302,30,930,-0.53,-0.33,-0.08,0.29,0.61,450,7.85,8.10,8.43,8.83,9.16
9444900,303,30,930,-0.53,-0.33,-0.07,0.30,0.61,450,7.86,8.12,8.43,8.85,9.20
9444900,304,30,930,-0.52,-0.32,-0.07,0.30,0.61,450,7.87,8.11,8.44,8.88,9.23
9444900,305,30,930,-0.52,-0.32,-0.07,0.30,0.62,450,7.86,8.11,8.44,8.92,9.29
9444900,306,30,930,-0.52,-0.31,-0.06,0.30,0.62,450,7.87,8.11,8.46,8.96,9.33
9444900,307,30,930,-0.52,-0.30,-0.04,0.30,0.62,450,7.88,8.13,8.50,8.97,9.34
9444900,308,30,930,-0.52,-0.30,-0.03,0.30,0.62,450,7.89,8.15,8.54,8.99,9.40
9444900,309,30,930,-0.52,-0.29,-0.03,0.30,0.62,450,7.91,8.17,8.58,9.05,9.46
9444900,310,30,930,-0.52,-0.29,-0.03,0.30,0.64,450,7.95,8.19,8.61,9.07,9.46
9444900,311,30,930,-0.53,-0.29,-0.02,0.31,0.66,450,7.96,8.21,8.65,9.11,9.51
9444900,312,30,930,-0.53,-0.30,-0.02,0.31,0.68,450,7.97,8.26,8.67,9.12,9.51
9444900,313,30,930,-0.53,-0.30,-0.02,0.33,0.69,450,8.00,8.30,8.72,9.16,9.52
9444900,314,30,930,-0.55,-0.29,-0.01,0.34,0.69,450,8.01,8.35,8.74,9.20,9.53
9444900,315,30,930,-0.53,-0.29,0.00,0.34,0.69,450,8.03,8.38,8.79,9.24,9.56
9444900,316,30,930,-0.52,-0.29,0.00,0.34,0.70,450,8.04,8.39,8.82,9.25,9.57
9444900,317,30,930,-0.52,-0.29,0.01,0.35,0.71,450,8.05,8.40,8.85,9.30,9.61
9444900,318,30,930,-0.52,-0.29,0.00,0.34,0.72,450,8.06,8.43,8.86,9.32,9.63
9444900,319,30,930,-0.52,-0.29,0.00,0.35,0.72,450,8.13,8.46,8.90,9.32,9.66
9444900,320,30,930,-0.52,-0.29,0.00,0.36,0.72,450,8.19,8.49,8.92,9.32,9.70
9444900,321,30,930,-0.52,-0.28,0.01,0.36,0.72,450,8.22,8.53,8.94,9.33,9.79
9444900,322,30,930,-0.51,-0.28,0.02,0.37,0.73,450,8.25,8.54,8.96,9.35,9.79
9444900,323,30,930,-0.51,-0.28,0.01,0.38,0.73,450,8.25,8.54,8.97,9.35,9.78
9444900,324,30,930,-0.52,-0.28,0.02,0.38,0.74,450,8.22,8.53,8.98,9.39,9.79
9444900,325,30,930,-0.53,-0.28,0.02,0.39,0.75,450,8.21,8.55,8.98,9.40,9.81
9444900,326,30,930,-0.54,-0.29,0.02,0.40,0.75,450,8.22,8.55,8.99,9.41,9.84
9444900,327,30,930,-0.55,-0.29,0.02,0.41,0.75,450,8.21,8.58,9.01,9.43,9.88
9444900,328,30,930,-0.56,-0.29,0.02,0.41,0.76,450,8.24,8.58,9.03,9.47,9.89
9444900,329,30,930,-0.56,-0.29,0.02,0.41,0.76,450,8.25,8.59,9.04,9.49,9.97
9444900,330,30,930,-0.57,-0.30,0.02,0.41,0.79,450,8.26,8.60,9.06,9.51,9.91
9444900,331,30,930,-0.57,-0.30,0.02,0.42,0.82,450,8.27,8.60,9.06,9.52,10.00
9444900,332,30,930,-0.57,-0.30,0.02,0.43,0.83,450,8.27,8.60,9.05,9.49,9.91
9444900,333,30,930,-0.57,-0.30,0.03,0.44,0.86,450,8.26,8.61,9.05,9.48,9.91
9444900,334,30,930,-0.58,-0.31,0.03,0.44,0.87,450,8.26,8.61,9.05,9.47,9.89
9444900,335,30,930,-0.58,-0.31,0.04,0.45,0.88,450,8.26,8.63,9.05,9.47,9.89
9444900,336,30,930,-0.59,-0.32,0.04,0.45,0.88,450,8.27,8.65,9.05,9.50,9.94
9444900,337,30,930,-0.59,-0.33,0.04,0.45,0.91,450,8.30,8.67,9.07,9.50,9.95
9444900,338,30,930,-0.59,-0.34,0.03,0.45,0.92,450,8.36,8.68,9.09,9.52,10.00
9444900,339,30,930,-0.59,-0.35,0.03,0.46,0.93,450,8.39,8.71,9.11,9.54,10.03
9444900,340,30,930,-0.59,-0.35,0.03,0.46,0.94,450,8.42,8.72,9.14,9.58,10.05
9444900,341,30,930,-0.60,-0.35,0.03,0.46,0.94,450,8.43,8.73,9.17,9.62,10.06
9444900,342,30,930,-0.60,-0.36,0.03,0.45,0.94,450,8.42,8.73,9.18,9.62,10.06
9444900,343,30,930,-0.62,-0.36,0.03,0.45,0.94,450,8.39,8.73,9.21,9.62,10.04
9444900,344,30,930,-0.63,-0.36,0.03,0.45,0.94,450,8.39,8.73,9.21,9.63,10.04
9444900,345,30,930,-0.63,-0.36,0.03,0.45,0.93,450,8.39,8.74,9.23,9.64,10.05
9444900,346,30,930,-0.63,-0.36,0.02,0.45,0.93,450,8.40,8.76,9.27,9.67,10.06
9444900,347,30,930,-0.63,-0.36,0.03,0.45,0.93,450,8.46,8.79,9.29,9.70,10.08
9444900,348,30,930,-0.64,-0.35,0.04,0.46,0.93,450,8.47,8.83,9.33,9.76,10.17
9444900,349,30,930,-0.64,-0.35,0.05,0.45,0.93,450,8.47,8.85,9.34,9.79,10.22
9444900,350,30,930,-0.64,-0.33,0.05,0.45,0.93,450,8.47,8.84,9.35,9.81,10.22
9444900,351,30,900,-0.64,-0.35,0.05,0.45,0.93,450,8.40,8.80,9.35,9.81,10.23
9444900,352,30,900,-0.63,-0.35,0.04,0.45,0.93,450,8.36,8.75,9.35,9.82,10.23
9444900,353,30,900,-0.63,-0.33,0.04,0.45,0.94,450,8.34,8.75,9.35,9.78,10.22
9444900,354,30,900,-0.63,-0.32,0.06,0.45,0.94,450,8.34,8.74,9.35,9.78,10.21
9444900,355,30,900,-0.63,-0.32,0.07,0.45,0.94,450,8.34,8.74,9.34,9.78,10.20
9444900,356,30,900,-0.62,-0.32,0.07,0.45,0.94,450,8.35,8.75,9.34,9.78,10.20
9444900,357,30,900,-0.60,-0.31,0.07,0.45,0.93,450,8.38,8.76,9.35,9.79,10.19
9444900,358,30,900,-0.60,-0.29,0.08,0.45,0.93,450,8.41,8.78,9.34,9.78,10.20
9444900,359,30,900,-0.59,-0.29,0.09,0.47,0.93,420,8.42,8.78,9.33,9.78,10.21
9444900,360,30,900,-0.58,-0.28,0.09,0.48,0.92,420,8.43,8.76,9.29,9.78,10.22
9444900,361,30,900,-0.58,-0.27,0.10,0.48,0.92,420,8.41,8.73,9.24,9.78,10.25
9444900,362,30,900,-0.58,-0.27,0.10,0.47,0.91,420,8.38,8.71,9.21,9.77,10.26
9444900,363,30,900,-0.58,-0.27,0.10,0.47,0.91,420,8.40,8.71,9.18,9.75,10.22
9444900,364,30,900,-0.58,-0.28,0.09,0.45,0.91,420,8.40,8.71,9.15,9.75,10.20
9444900,365,30,900,-0.59,-0.28,0.09,0.45,0.88,420,8.40,8.74,9.15,9.73,10.19
9444900,366,30,900,-0.60,-0.28,0.08,0.45,0.88,420,8.43,8.77,9.19,9.73,10.18
9447130,1,30,900,-0.60,-0.28,0.08,0.45,0.85,420,11.00,11.46,12.04,12.62,13.08
9447130,2,30,900,-0.60,-0.28,0.08,0.45,0.84,420,11.03,11.49,12.04,12.62,13.05
9447130,3,30,900,-0.60,-0.29,0.09,0.46,0.84,420,11.07,11.50,12.03,12.62,13.01
9447130,4,30,900,-0.60,-0.29,0.09,0.46,0.85,420,11.07,11.49,12.02,12.60,12.97
9447130,5,30,900,-0.59,-0.29,0.09,0.47,0.84,420,11.08,11.48,12.02,12.57,12.96
9447130,6,30,900,-0.59,-0.29,0.09,0.47,0.84,420,11.00,11.45,12.00,12.55,12.97
9447130,7,30,900,-0.58,-0.29,0.08,0.46,0.84,420,10.93,11.41,11.99,12.55,12.99
9447130,8,30,900,-0.57,-0.29,0.09,0.45,0.84,450,10.90,11.41,11.99,12.55,12.98
9447130,9,30,900,-0.56,-0.28,0.09,0.46,0.84,450,10.89,11.45,12.00,12.54,12.97
9447130,10,30,900,-0.56,-0.28,0.10,0.46,0.84,450,10.92,11.45,11.99,12.52,12.96
9447130,11,30,900,-0.56,-0.28,0.10,0.46,0.84,450,10.95,11.45,11.98,12.52,12.95
9447130,12,30,900,-0.56,-0.28,0.10,0.45,0.84,450,10.93,11.43,11.98,12.52,12.91
9447130,13,30,900,-0.55,-0.29,0.09,0.46,0.84,450,10.92,11.44,11.97,12.48,12.88
9447130,14,30,900,-0.55,-0.29,0.09,0.47,0.85,450,10.89,11.44,11.97,12.46,12.89
9447130,15,30,900,-0.56,-0.29,0.09,0.48,0.85,450,10.85,11.40,11.95,12.44,12.85
9447130,16,30,930,-0.56,-0.29,0.09,0.48,0.85,450,10.83,11.38,11.96,12.48,12.85
9447130,17,30,930,-0.56,-0.30,0.09,0.48,0.85,450,10.75,11.36,11.96,12.48,12.91
9447130,18,30,930,-0.57,-0.30,0.09,0.48,0.84,450,10.74,11.35,11.97,12.48,12.91
9447130,19,30,930,-0.57,-0.31,0.09,0.47,0.84,450,10.74,11.38,11.97,12.48,12.89
9447130,20,30,930,-0.57,-0.31,0.09,0.47,0.84,450,10.77,11.38,11.95,12.45,12.89
9447130,21,30,930,-0.57,-0.31,0.09,0.47,0.86,450,10.79,11.35,11.92,12.44,12.84
9447130,22,30,930,-0.57,-0.31,0.09,0.48,0.86,450,10.81,11.33,11.88,12.40,12.81
9447130,23,30,930,-0.58,-0.31,0.09,0.47,0.86,450,10.81,11.32,11.86,12.39,12.81
9447130,24,30,930,-0.58,-0.32,0.08,0.46,0.86,450,10.78,11.28,11.84,12.39,12.81
9447130,25,30,930,-0.58,-0.32,0.07,0.44,0.87,450,10.72,11.26,11.85,12.39,12.82
9447130,26,30,930,-0.58,-0.33,0.05,0.43,0.87,450,10.65,11.24,11.85,12.39,12.82
9447130,27,30,930,-0.58,-0.33,0.05,0.43,0.87,450,10.62,11.20,11.85,12.40,12.82
9447130,28,30,930,-0.58,-0.33,0.05,0.43,0.87,450,10.62,11.18,11.82,12.40,12.82
9447130,29,30,930,-0.58,-0.32,0.05,0.43,0.86,450,10.62,11.11,11.81,12.36,12.76
9447130,30,30,930,-0.58,-0.32,0.05,0.43,0.86,450,10.62,11.09,11.75,12.34,12.76
9447130,31,30,930,-0.56,-0.32,0.05,0.43,0.87,450,10.60,11.08,11.73,12.31,12.73
9447130,32,30,930,-0.55,-0.31,0.06,0.43,0.86,450,10.60,11.07,11.68,12.27,12.69
9447130,33,30,930,-0.54,-0.30,0.05,0.43,0.87,450,10.55,11.05,11.62,12.24,12.69
9447130,34,30,930,-0.54,-0.29,0.05,0.43,0.86,450,10.52,11.03,11.60,12.23,12.68
9447130,35,30,930,-0.53,-0.28,0.06,0.43,0.85,450,10.47,11.01,11.60,12.23,12.68
9447130,36,30,930,-0.52,-0.27,0.05,0.42,0.85,450,10.45,10.98,11.60,12.24,12.68
9447130,37,30,930,-0.52,-0.26,0.05,0.42,0.84,450,10.45,10.99,11.60,12.22,12.66
9447130,38,30,930,-0.51,-0.26,0.05,0.42,0.83,450,10.46,10.97,11.60,12.22,12.66
9447130,39,30,930,-0.51,-0.26,0.05,0.40,0.81,450,10.46,10.96,11.58,12.17,12.64
9447130,40,30,930,-0.51,-0.26,0.05,0.39,0.80,450,10.44,10.95,11.56,12.13,12.60
9447130,41,30,930,-0.51,-0.26,0.05,0.38,0.80,450,10.33,10.92,11.56,12.10,12.56
9447130,42,30,930,-0.51,-0.26,0.05,0.38,0.80,450,10.33,10.92,11.56,12.10,12.52
9447130,43,30,930,-0.50,-0.26,0.05,0.38,0.81,450,10.32,10.91,11.57,12.10,12.49
9447130,44,30,930,-0.50,-0.26,0.05,0.38,0.80,450,10.28,10.91,11.57,12.10,12.51
9447130,45,30,908,-0.50,-0.25,0.05,0.37,0.80,450,10.24,10.89,11.58,12.10,12.52
9447130,46,30,908,-0.50,-0.24,0.05,0.37,0.79,450,10.23,10.88,11.57,12.14,12.52
9447130,47,30,908,-0.49,-0.24,0.05,0.38,0.79,450,10.23,10.88,11.55,12.12,12.52
9447130,48,30,908,-0.48,-0.23,0.06,0.39,0.78,450,10.26,10.88,11.54,12.11,12.51
9447130,49,30,908,-0.48,-0.23,0.06,0.39,0.79,450,10.30,10.87,11.49,12.07,12.48
9447130,50,30,908,-0.47,-0.20,0.07,0.40,0.79,450,10.28,10.86,11.47,12.03,12.45
9447130,51,30,908,-0.47,-0.20,0.07,0.39,0.79,450,10.26,10.82,11.44,11.98,12.44
9447130,52,30,908,-0.47,-0.20,0.08,0.38,0.78,450,10.20,10.80,11.40,11.99,12.44
9447130,53,30,908,-0.47,-0.20,0.08,0.38,0.77,428,10.16,10.72,11.38,11.99,12.44
9447130,54,30,908,-0.47,-0.20,0.08,0.39,0.75,428,10.15,10.72,11.39,12.00,12.47
9447130,55,30,908,-0.47,-0.19,0.08,0.39,0.75,428,10.15,10.72,11.43,12.00,12.49
9447130,56,30,908,-0.47,-0.19,0.09,0.39,0.74,428,10.17,10.76,11.39,12.04,12.52
9447130,57,30,908,-0.46,-0.19,0.09,0.39,0.74,428,10.17,10.76,11.38,12.01,12.52
9447130,58,30,908,-0.45,-0.19,0.09,0.40,0.77,428,10.17,10.75,11.34,11.96,12.51
9447130,59,30,908,-0.45,-0.18,0.10,0.40,0.78,428,10.19,10.75,11.32,11.86,12.49
9447130,60,30,908,-0.45,-0.18,0.10,0.40,0.78,428,10.19,10.71,11.30,11.78,12.38
9447130,61,30,908,-0.44,-0.18,0.11,0.41,0.77,428,10.19,10.71,11.27,11.73,12.30
9447130,62,30,908,-0.42,-0.17,0.11,0.41,0.74,428,10.20,10.72,11.25,11.69,12.27
9447130,63,30,908,-0.42,-0.17,0.11,0.40,0.74,428,10.18,10.72,11.24,11.71,12.30
9447130,64,30,908,-0.41,-0.16,0.11,0.40,0.73,428,10.16,10.72,11.22,11.74,12.38
9447130,65,30,908,-0.41,-0.16,0.11,0.40,0.73,428,10.16,10.70,11.24,11.74,12.41
9447130,66,30,908,-0.42,-0.17,0.12,0.40,0.73,428,10.15,10.70,11.24,11.72,12.41
9447130,67,30,908,-0.42,-0.16,0.12,0.40,0.73,428,10.16,10.71,11.19,11.69,12.37
9447130,68,30,908,-0.42,-0.16,0.13,0.41,0.73,450,10.21,10.72,11.19,11.69,12.33
9447130,69,30,908,-0.41,-0.16,0.13,0.41,0.74,450,10.24,10.72,11.18,11.67,12.18
9447130,70,30,908,-0.41,-0.15,0.14,0.42,0.75,450,10.25,10.71,11.18,11.64,12.10
9447130,71,30,908,-0.39,-0.15,0.14,0.42,0.75,450,10.25,10.71,11.18,11.63,12.00
9447130,72,30,908,-0.38,-0.14,0.15,0.43,0.75,450,10.22,10.71,11.18,11.62,12.00
9447130,73,30,908,-0.38,-0.14,0.16,0.43,0.75,450,10.17,10.69,11.18,11.64,12.02
9447130,74,30,908,-0.38,-0.14,0.16,0.45,0.76,450,10.16,10.67,11.19,11.68,12.09
9447130,75,30,908,-0.38,-0.14,0.16,0.46,0.76,450,10.15,10.67,11.21,11.71,12.13
9447130,76,30,930,-0.38,-0.14,0.15,0.46,0.76,450,10.13,10.65,11.21,11.72,12.20
9447130,77,30,930,-0.38,-0.14,0.15,0.46,0.76,450,10.10,10.64,11.20,11.72,12.20
9447130,78,30,930,-0.39,-0.15,0.14,0.45,0.75,450,10.13,10.65,11.19,11.68,12.13
9447130,79,30,930,-0.39,-0.15,0.13,0.44,0.75,450,10.15,10.65,11.19,11.65,12.10
9447130,80,30,930,-0.38,-0.15,0.12,0.43,0.75,450,10.10,10.69,11.17,11.64,12.13
9447130,81,30,930,-0.38,-0.15,0.12,0.43,0.75,450,10.14,10.69,11.17,11.67,12.15
9447130,82,30,930,-0.38,-0.15,0.13,0.43,0.75,450,10.14,10.66,11.16,11.68,12.21
9447130,83,30,930,-0.37,-0.15,0.12,0.44,0.75,450,10.09,10.65,11.18,11.72,12.23
9447130,84,30,930,-0.36,-0.14,0.14,0.44,0.75,450,10.07,10.65,11.19,11.72,12.24
9447130,85,30,930,-0.35,-0.14,0.14,0.44,0.75,450,10.14,10.66,11.19,11.69,12.24
9447130,86,30,930,-0.35,-0.14,0.15,0.44,0.74,450,10.15,10.64,11.13,11.65,12.24
9447130,87,30,930,-0.34,-0.13,0.15,0.44,0.74,450,10.21,10.64,11.09,11.62,12.23
9447130,88,30,930,-0.33,-0.12,0.15,0.44,0.74,450,10.25,10.64,11.06,11.58,12.15
9447130,89,30,930,-0.33,-0.11,0.15,0.44,0.72,450,10.26,10.65,11.06,11.55,12.06
9447130,90,30,930,-0.33,-0.11,0.15,0.43,0.71,450,10.31,10.66,11.06,11.55,12.00
9447130,91,30,930,-0.33,-0.12,0.15,0.43,0.70,450,10.33,10.65,11.08,11.57,12.02
9447130,92,30,930,-0.33,-0.12,0.14,0.43,0.71,450,10.34,10.67,11.11,11.60,12.05
9447130,93,30,930,-0.32,-0.12,0.14,0.43,0.72,450,10.35,10.66,11.09,11.62,12.08
9447130,94,30,930,-0.33,-0.12,0.14,0.42,0.70,450,10.35,10.65,11.10,11.60,12.08
9447130,95,30,930,-0.33,-0.12,0.14,0.42,0.70,450,10.37,10.65,11.08,11.58,12.04
9447130,96,30,930,-0.33,-0.12,0.13,0.42,0.68,450,10.40,10.68,11.08,11.55,12.00
9447130,97,30,930,-0.32,-0.13,0.12,0.42,0.67,450,10.42,10.69,11.07,11.53,11.93
9447130,98,30,930,-0.32,-0.13,0.11,0.41,0.66,450,10.44,10.69,11.08,11.53,11.90
9447130,99,30,930,-0.33,-0.14,0.11,0.40,0.65,450,10.44,10.70,11.08,11.54,11.88
9447130,100,30,930,-0.33,-0.14,0.10,0.39,0.64,450,10.44,10.70,11.11,11.57,11.92
9447130,101,30,930,-0.34,-0.14,0.10,0.38,0.63,450,10.44,10.74,11.13,11.59,11.93
9447130,102,30,930,-0.34,-0.14,0.10,0.36,0.63,450,10.41,10.76,11.14,11.60,11.96
9447130,103,30,930,-0.34,-0.15,0.10,0.36,0.63,450,10.39,10.76,11.14,11.62,12.00
9447130,104,30,930,-0.33,-0.15,0.09,0.35,0.61,450,10.40,10.76,11.13,11.62,12.00
9447130,105,30,930,-0.33,-0.15,0.09,0.34,0.60,450,10.41,10.75,11.13,11.60,11.98
9447130,106,30,930,-0.33,-0.15,0.09,0.33,0.59,450,10.44,10.76,11.11,11.57,11.92
9447130,107,30,930,-0.33,-0.15,0.08,0.32,0.58,450,10.45,10.76,11.10,11.51,11.86
9447130,108,30,930,-0.33,-0.15,0.08,0.31,0.57,450,10.49,10.75,11.11,11.51,11.86
9447130,109,30,930,-0.33,-0.15,0.08,0.31,0.57,450,10.49,10.78,11.11,11.51,11.85
9447130,110,30,930,-0.33,-0.15,0.08,0.31,0.55,450,10.49,10.79,11.13,11.54,11.88
9447130,111,30,930,-0.33,-0.15,0.08,0.31,0.55,450,10.48,10.79,11.13,11.58,11.92
9447130,112,30,930,-0.33,-0.14,0.08,0.30,0.54,450,10.46,10.79,11.12,11.59,11.93
9447130,113,30,930,-0.34,-0.15,0.07,0.29,0.52,450,10.46,10.79,11.12,11.55,11.92
9447130,114,30,930,-0.34,-0.15,0.07,0.29,0.51,450,10.46,10.79,11.11,11.50,11.88
9447130,115,30,930,-0.34,-0.15,0.06,0.28,0.50,450,10.48,10.78,11.10,11.46,11.84
9447130,116,30,930,-0.34,-0.16,0.06,0.27,0.49,450,10.51,10.79,11.10,11.45,11.80
9447130,117,30,930,-0.35,-0.16,0.05,0.27,0.48,450,10.55,10.79,11.10,11.45,11.79
9447130,118,30,930,-0.35,-0.17,0.04,0.26,0.47,450,10.56,10.82,11.11,11.45,11.79
9447130,119,30,930,-0.34,-0.18,0.04,0.25,0.47,450,10.58,10.83,11.12,11.48,11.80
9447130,120,30,930,-0.34,-0.18,0.04,0.25,0.46,450,10.58,10.84,11.14,11.50,11.84
9447130,121,30,930,-0.34,-0.17,0.04,0.25,0.46,450,10.59,10.84,11.16,11.50,11.86
9447130,122,30,930,-0.34,-0.16,0.04,0.25,0.46,450,10.57,10.84,11.16,11.50,11.87
9447130,123,30,930,-0.34,-0.16,0.05,0.25,0.45,450,10.57,10.84,11.16,11.52,11.86
9447130,124,30,930,-0.33,-0.16,0.05,0.24,0.45,450,10.57,10.83,11.15,11.53,11.87
9447130,125,30,930,-0.33,-0.16,0.05,0.25,0.46,450,10.57,10.83,11.16,11.52,11.86
9447130,126,30,930,-0.33,-0.16,0.05,0.25,0.46,450,10.57,10.86,11.19,11.51,11.82
9447130,127,30,930,-0.33,-0.16,0.05,0.25,0.46,450,10.58,10.88,11.21,11.51,11.83
9447130,128,30,930,-0.33,-0.15,0.05,0.25,0.46,450,10.61,10.92,11.22,11.55,11.85
9447130,129,30,930,-0.33,-0.15,0.05,0.25,0.46,450,10.64,10.94,11.24,11.61,11.92
9447130,130,30,930,-0.31,-0.15,0.05,0.25,0.45,450,10.65,10.95,11.27,11.63,11.95
9447130,131,30,930,-0.31,-0.14,0.05,0.25,0.44,450,10.65,10.95,11.29,11.66,11.96
9447130,132,30,930,-0.31,-0.14,0.06,0.25,0.43,450,10.64,10.95,11.30,11.67,11.98
9447130,133,30,930,-0.30,-0.14,0.06,0.25,0.43,450,10.64,10.95,11.31,11.68,11.98
9447130,134,30,930,-0.30,-0.14,0.06,0.25,0.42,450,10.64,10.98,11.32,11.68,11.98
9447130,135,30,930,-0.30,-0.13,0.07,0.25,0.42,450,10.65,10.98,11.33,11.69,11.98
9447130,136,30,930,-0.30,-0.13,0.07,0.25,0.42,450,10.66,11.00,11.36,11.70,11.98
9447130,137,30,930,-0.29,-0.12,0.07,0.26,0.42,450,10.70,11.01,11.37,11.72,11.99
9447130,138,30,930,-0.28,-0.11,0.07,0.26,0.43,450,10.76,11.05,11.39,11.72,12.00
9447130,139,30,930,-0.28,-0.11,0.07,0.26,0.43,450,10.79,11.08,11.40,11.73,12.01
9447130,140,30,930,-0.27,-0.11,0.07,0.26,0.42,450,10.78,11.08,11.42,11.76,12.02
9447130,141,30,930,-0.26,-0.11,0.08,0.26,0.43,450,10.77,11.08,11.43,11.79,12.03
9447130,142,30,930,-0.25,-0.11,0.08,0.26,0.43,450,10.75,11.06,11.44,11.80,12.07
9447130,143,30,930,-0.25,-0.11,0.08,0.26,0.43,450,10.70,11.05,11.44,11.83,12.09
9447130,144,30,930,-0.25,-0.11,0.08,0.27,0.43,450,10.68,11.05,11.44,11.83,12.08
9447130,145,30,930,-0.25,-0.11,0.08,0.27,0.43,450,10.69,11.04,11.44,11.82,12.09
9447130,146,30,930,-0.24,-0.10,0.09,0.27,0.43,450,10.71,11.06,11.45,11.80,12.11
9447130,147,30,930,-0.24,-0.09,0.09,0.27,0.43,450,10.76,11.08,11.45,11.80,12.09
9447130,148,30,930,-0.24,-0.09,0.09,0.27,0.42,450,10.79,11.10,11.46,11.80,12.08
9447130,149,30,930,-0.24,-0.09,0.10,0.27,0.42,450,10.83,11.09,11.45,11.80,12.09
9447130,150,30,930,-0.24,-0.09,0.10,0.27,0.42,450,10.77,11.08,11.44,11.82,12.10
9447130,151,30,930,-0.24,-0.09,0.10,0.26,0.42,450,10.74,11.07,11.45,11.86,12.12
9447130,152,30,930,-0.24,-0.09,0.09,0.26,0.40,450,10.72,11.04,11.45,11.86,12.14
9447130,153,30,930,-0.24,-0.09,0.09,0.26,0.40,450,10.69,11.04,11.46,11.88,12.17
9447130,154,30,930,-0.25,-0.10,0.08,0.26,0.38,450,10.68,11.03,11.48,11.91,12.17
9447130,155,30,930,-0.25,-0.10,0.08,0.25,0.38,450,10.71,11.04,11.47,11.88,12.17
9447130,156,30,930,-0.25,-0.11,0.07,0.24,0.37,450,10.74,11.05,11.48,11.87,12.16
9447130,157,30,930,-0.25,-0.11,0.07,0.24,0.37,450,10.78,11.07,11.48,11.86,12.12
9447130,158,30,930,-0.25,-0.11,0.06,0.23,0.35,450,10.80,11.07,11.48,11.86,12.11
9447130,159,30,930,-0.25,-0.11,0.06,0.23,0.35,450,10.78,11.07,11.48,11.84,12.11
9447130,160,30,930,-0.25,-0.10,0.06,0.22,0.34,450,10.75,11.05,11.48,11.84,12.12
9447130,161,30,930,-0.25,-0.11,0.05,0.22,0.34,450,10.73,11.04,11.48,11.84,12.11
9447130,162,30,930,-0.25,-0.11,0.05,0.22,0.34,450,10.71,11.02,11.48,11.86,12.13
9447130,163,30,930,-0.25,-0.12,0.05,0.21,0.34,450,10.68,11.00,11.45,11.86,12.14
9447130,164,30,930,-0.25,-0.12,0.05,0.20,0.34,450,10.68,11.00,11.46,11.86,12.14
9447130,165,30,930,-0.25,-0.12,0.04,0.20,0.34,450,10.70,11.04,11.45,11.83,12.12
9447130,166,30,930,-0.25,-0.12,0.04,0.20,0.33,450,10.73,11.05,11.45,11.78,12.09
9447130,167,30,930,-0.24,-0.12,0.05,0.20,0.33,450,10.75,11.06,11.45,11.75,12.03
9447130,168,30,930,-0.24,-0.12,0.05,0.21,0.33,450,10.75,11.04,11.45,11.73,11.99
9447130,169,30,930,-0.24,-0.11,0.05,0.21,0.32,450,10.73,11.03,11.44,11.73,11.99
9447130,170,30,930,-0.24,-0.11,0.05,0.20,0.32,450,10.67,11.02,11.44,11.73,12.01
9447130,171,30,930,-0.24,-0.11,0.05,0.20,0.32,450,10.59,11.01,11.44,11.76,12.05
9447130,172,30,930,-0.24,-0.12,0.04,0.20,0.31,450,10.55,11.00,11.44,11.77,12.06
9447130,173,30,930,-0.25,-0.12,0.03,0.20,0.31,450,10.57,11.00,11.44,11.78,12.07
9447130,174,30,930,-0.25,-0.12,0.03,0.19,0.30,450,10.64,11.01,11.45,11.77,12.07
9447130,175,30,930,-0.25,-0.12,0.03,0.19,0.30,450,10.71,11.04,11.45,11.77,12.05
9447130,176,30,930,-0.24,-0.12,0.03,0.19,0.30,450,10.72,11.06,11.44,11.75,12.04
9447130,177,30,930,-0.24,-0.12,0.03,0.19,0.29,450,10.74,11.07,11.44,11.73,12.03
9447130,178,30,930,-0.24,-0.11,0.03,0.19,0.28,450,10.71,11.07,11.44,11.72,12.02
9447130,179,30,930,-0.24,-0.11,0.03,0.19,0.29,450,10.68,11.06,11.43,11.75,12.04
9447130,180,30,930,-0.24,-0.11,0.03,0.18,0.28,450,10.59,11.04,11.45,11.78,12.06
9447130,181,30,930,-0.24,-0.11,0.03,0.18,0.28,450,10.57,11.01,11.45,11.81,12.12
9447130,182,30,930,-0.24,-0.11,0.03,0.18,0.28,450,10.55,11.01,11.45,11.85,12.13
9447130,183,30,930,-0.23,-0.10,0.03,0.17,0.28,450,10.56,11.01,11.44,11.85,12.14
9447130,184,30,930,-0.22,-0.10,0.04,0.18,0.28,450,10.57,11.05,11.44,11.82,12.15
9447130,185,30,930,-0.21,-0.10,0.04,0.18,0.28,450,10.62,11.07,11.42,11.79,12.13
9447130,186,30,930,-0.21,-0.10,0.04,0.18,0.28,450,10.65,11.08,11.42,11.78,12.11
9447130,187,30,930,-0.20,-0.09,0.04,0.18,0.28,450,10.63,11.07,11.41,11.74,12.05
9447130,188,30,930,-0.20,-0.09,0.05,0.18,0.29,450,10.57,11.06,11.40,11.73,12.04
9447130,189,30,930,-0.20,-0.09,0.05,0.19,0.29,450,10.50,11.02,11.40,11.75,12.05
9447130,190,30,930,-0.20,-0.09,0.05,0.19,0.29,450,10.45,10.96,11.40,11.78,12.11
9447130,191,30,930,-0.20,-0.09,0.05,0.19,0.29,450,10.42,10.91,11.42,11.80,12.12
9447130,192,30,930,-0.20,-0.08,0.05,0.19,0.29,450,10.42,10.90,11.42,11.81,12.13
9447130,193,30,930,-0.19,-0.08,0.05,0.19,0.29,450,10.43,10.92,11.41,11.80,12.12
9447130,194,30,930,-0.19,-0.08,0.05,0.19,0.28,450,10.46,10.96,11.40,11.76,12.06
9447130,195,30,930,-0.19,-0.08,0.05,0.19,0.28,450,10.51,10.98,11.38,11.73,12.04
9447130,196,30,930,-0.18,-0.07,0.05,0.19,0.28,450,10.52,10.98,11.37,11.70,12.01
9447130,197,30,930,-0.18,-0.07,0.05,0.18,0.28,450,10.52,10.97,11.36,11.70,11.97
9447130,198,30,930,-0.17,-0.07,0.05,0.18,0.28,450,10.47,10.95,11.37,11.70,11.96
9447130,199,30,930,-0.17,-0.07,0.05,0.18,0.28,450,10.42,10.91,11.36,11.70,11.99
9447130,200,30,930,-0.17,-0.08,0.05,0.18,0.28,450,10.39,10.88,11.37,11.73,12.02
9447130,201,30,930,-0.17,-0.07,0.05,0.18,0.28,450,10.39,10.88,11.37,11.74,12.04
9447130,202,30,930,-0.17,-0.07,0.06,0.18,0.28,450,10.42,10.89,11.36,11.74,12.04
9447130,203,30,930,-0.16,-0.06,0.06,0.18,0.28,450,10.42,10.90,11.33,11.72,12.04
9447130,204,30,930,-0.15,-0.06,0.06,0.19,0.29,450,10.50,10.91,11.31,11.68,11.99
9447130,205,30,930,-0.15,-0.05,0.07,0.19,0.29,450,10.50,10.91,11.30,11.64,11.96
9447130,206,30,930,-0.14,-0.05,0.07,0.20,0.30,450,10.46,10.90,11.28,11.61,11.92
9447130,207,30,930,-0.14,-0.05,0.07,0.20,0.30,450,10.42,10.89,11.27,11.59,11.91
9447130,208,30,930,-0.14,-0.04,0.07,0.19,0.30,450,10.39,10.86,11.27,11.60,11.94
9447130,209,30,930,-0.13,-0.04,0.07,0.19,0.30,450,10.31,10.82,11.27,11.63,12.00
9447130,210,30,930,-0.13,-0.04,0.07,0.19,0.30,450,10.28,10.82,11.27,11.68,12.04
9447130,211,30,930,-0.13,-0.04,0.07,0.19,0.30,450,10.28,10.81,11.27,11.70,12.07
9447130,212,30,930,-0.13,-0.04,0.07,0.19,0.30,450,10.30,10.82,11.26,11.68,12.07
9447130,213,30,930,-0.13,-0.04,0.08,0.19,0.30,450,10.32,10.82,11.25,11.62,12.06
9447130,214,30,930,-0.13,-0.04,0.08,0.20,0.30,450,10.33,10.84,11.23,11.58,12.02
9447130,215,30,930,-0.13,-0.04,0.08,0.19,0.31,450,10.32,10.83,11.23,11.54,12.00
9447130,216,30,930,-0.13,-0.04,0.08,0.19,0.31,450,10.28,10.80,11.22,11.57,11.96
9447130,217,30,930,-0.13,-0.04,0.07,0.19,0.31,450,10.25,10.77,11.22,11.58,11.96
9447130,218,30,930,-0.13,-0.04,0.07,0.19,0.31,450,10.23,10.74,11.22,11.60,12.01
9447130,219,30,930,-0.13,-0.04,0.07,0.19,0.31,450,10.16,10.71,11.23,11.63,12.03
9447130,220,30,930,-0.13,-0.03,0.07,0.20,0.31,450,10.15,10.71,11.22,11.69,12.07
9447130,221,30,930,-0.13,-0.03,0.07,0.20,0.31,450,10.16,10.72,11.19,11.68,12.07
9447130,222,30,930,-0.13,-0.03,0.07,0.20,0.32,450,10.20,10.74,11.16,11.63,12.04
9447130,223,30,930,-0.13,-0.03,0.08,0.20,0.32,450,10.23,10.71,11.13,11.60,12.02
9447130,224,30,930,-0.13,-0.03,0.08,0.20,0.32,450,10.23,10.69,11.10,11.56,11.96
9447130,225,30,930,-0.13,-0.03,0.08,0.20,0.32,450,10.18,10.68,11.08,11.52,11.92
9447130,226,30,930,-0.13,-0.03,0.08,0.20,0.32,450,10.14,10.65,11.06,11.52,11.92
9447130,227,30,930,-0.13,-0.03,0.08,0.20,0.32,450,10.06,10.58,11.05,11.56,11.95
9447130,228,30,930,-0.14,-0.03,0.08,0.20,0.32,450,10.01,10.57,11.04,11.62,11.98
9447130,229,30,930,-0.13,-0.04,0.08,0.21,0.33,450,10.00,10.56,11.05,11.63,12.02
9447130,230,30,930,-0.13,-0.04,0.08,0.21,0.33,450,10.00,10.55,11.03,11.63,12.05
9447130,231,30,930,-0.13,-0.04,0.08,0.21,0.33,450,10.03,10.55,11.01,11.62,12.05
9447130,232,30,930,-0.14,-0.04,0.08,0.21,0.33,450,10.03,10.56,10.99,11.49,12.02
9447130,233,30,930,-0.14,-0.04,0.07,0.21,0.33,450,10.03,10.54,10.98,11.38,11.97
9447130,234,30,930,-0.15,-0.05,0.07,0.20,0.33,450,10.03,10.54,10.98,11.33,11.89
9447130,235,30,930,-0.16,-0.06,0.06,0.20,0.32,450,10.01,10.54,10.99,11.34,11.88
9447130,236,30,930,-0.17,-0.06,0.05,0.19,0.32,450,9.97,10.52,10.98,11.38,11.90
9447130,237,30,930,-0.17,-0.06,0.05,0.19,0.32,450,9.88,10.49,11.00,11.44,11.95
9447130,238,30,930,-0.18,-0.07,0.05,0.19,0.31,450,9.82,10.48,11.00,11.51,11.97
9447130,239,30,930,-0.18,-0.07,0.05,0.19,0.31,450,9.82,10.47,11.00,11.52,11.97
9447130,240,30,930,-0.18,-0.08,0.05,0.19,0.31,450,9.83,10.48,10.98,11.46,11.97
9447130,241,30,930,-0.19,-0.08,0.05,0.19,0.32,450,9.89,10.47,10.95,11.38,11.94
9447130,242,30,930,-0.19,-0.08,0.05,0.19,0.32,450,9.89,10.47,10.92,11.33,11.88
9447130,243,30,930,-0.19,-0.08,0.05,0.19,0.32,450,9.89,10.43,10.92,11.31,11.75
9447130,244,30,930,-0.19,-0.09,0.05,0.20,0.33,450,9.83,10.41,10.91,11.31,11.74
9447130,245,30,930,-0.19,-0.09,0.05,0.20,0.34,450,9.79,10.40,10.92,11.32,11.75
9447130,246,30,930,-0.19,-0.09,0.05,0.20,0.34,450,9.79,10.38,10.91,11.36,11.84
9447130,247,30,930,-0.19,-0.09,0.05,0.20,0.35,450,9.75,10.37,10.93,11.40,11.88
9447130,248,30,930,-0.20,-0.09,0.05,0.20,0.35,450,9.75,10.36,10.94,11.42,11.92
9447130,249,30,930,-0.20,-0.09,0.04,0.20,0.35,450,9.79,10.36,10.92,11.41,11.92
9447130,250,30,930,-0.21,-0.10,0.04,0.20,0.36,450,9.83,10.37,10.89,11.38,11.90
9447130,251,30,930,-0.21,-0.10,0.04,0.20,0.37,450,9.87,10.37,10.88,11.32,11.84
9447130,252,30,930,-0.22,-0.11,0.04,0.20,0.37,450,9.92,10.38,10.88,11.29,11.75
9447130,253,30,930,-0.23,-0.12,0.04,0.20,0.37,450,9.93,10.38,10.88,11.29,11.72
9447130,254,30,930,-0.24,-0.12,0.03,0.20,0.37,450,9.91,10.37,10.88,11.33,11.77
9447130,255,30,930,-0.24,-0.12,0.03,0.20,0.37,450,9.86,10.37,10.88,11.36,11.84
9447130,256,30,930,-0.24,-0.12,0.03,0.20,0.37,450,9.78,10.37,10.91,11.41,11.90
9447130,257,30,930,-0.24,-0.12,0.03,0.20,0.38,450,9.79,10.36,10.91,11.46,11.93
9447130,258,30,930,-0.24,-0.12,0.03,0.20,0.38,450,9.83,10.33,10.89,11.44,11.93
9447130,259,30,930,-0.24,-0.12,0.03,0.20,0.39,450,9.86,10.36,10.88,11.40,11.93
9447130,260,30,930,-0.25,-0.13,0.03,0.20,0.40,450,9.91,10.39,10.86,11.36,11.89
9447130,261,30,930,-0.26,-0.13,0.03,0.20,0.40,450,9.92,10.39,10.86,11.34,11.84
9447130,262,30,930,-0.27,-0.14,0.02,0.20,0.40,450,9.93,10.40,10.86,11.33,11.84
9447130,263,30,930,-0.27,-0.14,0.01,0.20,0.41,450,9.93,10.40,10.86,11.35,11.84
9447130,264,30,930,-0.28,-0.15,0.01,0.20,0.41,450,9.90,10.39,10.87,11.38,11.87
9447130,265,30,930,-0.28,-0.15,0.00,0.20,0.41,450,9.89,10.38,10.88,11.41,11.90
9447130,266,30,930,-0.28,-0.15,0.00,0.20,0.42,450,9.88,10.36,10.88,11.46,11.93
9447130,267,30,930,-0.28,-0.15,0.01,0.20,0.42,450,9.90,10.36,10.89,11.46,11.95
9447130,268,30,930,-0.28,-0.16,0.00,0.21,0.43,450,9.91,10.36,10.87,11.43,11.95
9447130,269,30,930,-0.29,-0.16,0.00,0.21,0.44,450,9.93,10.38,10.86,11.35,11.93
9447130,270,30,930,-0.29,-0.16,0.00,0.22,0.45,450,10.00,10.39,10.86,11.28,11.87
9447130,271,30,930,-0.30,-0.16,0.00,0.22,0.45,450,10.06,10.42,10.86,11.25,11.71
9447130,272,30,930,-0.31,-0.17,-0.01,0.21,0.45,450,10.08,10.44,10.88,11.26,11.68
9447130,273,30,930,-0.32,-0.18,-0.01,0.20,0.46,450,10.08,10.45,10.90,11.29,11.76
9447130,274,30,930,-0.33,-0.18,-0.01,0.20,0.47,450,10.06,10.45,10.93,11.35,11.82
9447130,275,30,930,-0.34,-0.20,-0.01,0.20,0.46,450,10.07,10.44,10.95,11.38,11.89
9447130,276,30,930,-0.35,-0.20,-0.02,0.20,0.47,450,10.08,10.45,10.99,11.40,11.93
9447130,277,30,930,-0.35,-0.22,-0.02,0.20,0.48,450,10.11,10.48,10.97,11.39,11.88
9447130,278,30,930,-0.36,-0.22,-0.02,0.20,0.49,450,10.14,10.52,10.95,11.35,11.87
9447130,279,30,930,-0.37,-0.23,-0.02,0.21,0.50,450,10.18,10.55,10.94,11.31,11.77
9447130,280,30,930,-0.37,-0.23,-0.02,0.21,0.50,450,10.24,10.57,10.94,11.29,11.73
9447130,281,30,930,-0.37,-0.23,-0.02,0.21,0.51,450,10.28,10.58,10.94,11.29,11.76
9447130,282,30,930,-0.37,-0.23,-0.02,0.21,0.51,450,10.28,10.59,10.94,11.31,11.77
9447130,283,30,930,-0.38,-0.23,-0.03,0.21,0.51,450,10.29,10.60,10.97,11.33,11.82
9447130,284,30,930,-0.39,-0.23,-0.04,0.21,0.51,450,10.30,10.61,11.00,11.38,11.89
9447130,285,30,930,-0.40,-0.24,-0.04,0.21,0.51,450,10.29,10.60,11.03,11.45,11.96
9447130,286,30,930,-0.41,-0.24,-0.04,0.21,0.51,450,10.28,10.61,11.04,11.48,11.99
9447130,287,30,930,-0.41,-0.25,-0.04,0.22,0.53,450,10.31,10.61,11.04,11.49,12.06
9447130,288,30,930,-0.42,-0.25,-0.04,0.22,0.53,450,10.36,10.65,11.04,11.49,12.01
9447130,289,30,930,-0.43,-0.26,-0.05,0.22,0.54,450,10.41,10.67,11.06,11.47,12.01
9447130,290,30,930,-0.45,-0.26,-0.06,0.22,0.54,450,10.43,10.69,11.08,11.50,11.93
9447130,291,30,930,-0.47,-0.27,-0.07,0.22,0.55,450,10.45,10.71,11.10,11.53,11.98
9447130,292,30,930,-0.48,-0.28,-0.07,0.22,0.54,450,10.45,10.71,11.11,11.57,12.05
9447130,293,30,930,-0.49,-0.28,-0.07,0.22,0.54,450,10.45,10.70,11.16,11.62,12.07
9447130,294,30,930,-0.49,-0.28,-0.07,0.22,0.54,450,10.45,10.71,11.19,11.66,12.08
9447130,295,30,930,-0.49,-0.28,-0.06,0.22,0.54,450,10.46,10.72,11.21,11.69,12.09
9447130,296,30,930,-0.49,-0.28,-0.06,0.25,0.54,450,10.47,10.75,11.22,11.68,12.09
9447130,297,30,930,-0.50,-0.28,-0.06,0.26,0.55,450,10.50,10.78,11.23,11.68,12.07
9447130,298,30,930,-0.50,-0.28,-0.06,0.26,0.57,450,10.51,10.81,11.23,11.67,12.05
9447130,299,30,930,-0.50,-0.28,-0.06,0.26,0.57,450,10.53,10.81,11.23,11.67,12.02
9447130,300,30,930,-0.51,-0.28,-0.06,0.26,0.57,450,10.57,10.82,11.25,11.68,12.03
9447130,301,30,930,-0.51,-0.28,-0.06,0.26,0.57,450,10.60,10.84,11.27,11.69,12.05
9447130,302,30,930,-0.51,-0.28,-0.06,0.27,0.58,450,10.62,10.87,11.30,11.72,12.08
9447130,303,30,930,-0.51,-0.28,-0.05,0.28,0.58,450,10.62,10.89,11.32,11.77,12.14
9447130,304,30,930,-0.50,-0.28,-0.05,0.28,0.59,450,10.62,10.88,11.34,11.80,12.20
9447130,305,30,930,-0.50,-0.28,-0.05,0.29,0.60,450,10.62,10.89,11.34,11.82,12.24
9447130,306,30,930,-0.50,-0.28,-0.05,0.30,0.61,450,10.62,10.90,11.36,11.85,12.24
9447130,307,30,930,-0.50,-0.28,-0.04,0.30,0.61,450,10.63,10.93,11.37,11.89,12.26
9447130,308,30,930,-0.50,-0.27,-0.04,0.30,0.60,450,10.65,10.96,11.38,11.91,12.27
9447130,309,30,930,-0.50,-0.27,-0.03,0.30,0.61,450,10.69,10.98,11.42,11.94,12.28
9447130,310,30,930,-0.51,-0.27,-0.02,0.30,0.62,450,10.73,10.99,11.44,11.95,12.28
9447130,311,30,930,-0.52,-0.27,-0.02,0.31,0.64,450,10.74,11.02,11.46,11.98,12.32
9447130,312,30,930,-0.52,-0.28,-0.02,0.33,0.67,450,10.76,11.04,11.48,12.00,12.34
9447130,313,30,930,-0.52,-0.28,-0.02,0.34,0.69,450,10.75,11.06,11.50,12.04,12.36
9447130,314,30,930,-0.52,-0.28,-0.01,0.35,0.69,450,10.76,11.11,11.55,12.06,12.39
9447130,315,30,930,-0.52,-0.27,0.00,0.35,0.69,450,10.77,11.12,11.56,12.08,12.45
9447130,316,30,930,-0.51,-0.27,0.01,0.35,0.70,450,10.77,11.12,11.57,12.08,12.51
9447130,317,30,930,-0.51,-0.27,0.00,0.35,0.71,450,10.81,11.13,11.64,12.12,12.57
9447130,318,30,930,-0.51,-0.27,0.00,0.35,0.72,450,10.90,11.20,11.65,12.12,12.60
9447130,319,30,930,-0.51,-0.27,0.01,0.35,0.73,450,10.94,11.21,11.67,12.12,12.60
9447130,320,30,930,-0.51,-0.27,0.01,0.35,0.72,450,10.96,11.28,11.70,12.14,12.60
9447130,321,30,930,-0.51,-0.27,0.02,0.35,0.73,450,10.97,11.32,11.74,12.15,12.61
9447130,322,30,930,-0.50,-0.26,0.02,0.35,0.73,450,10.97,11.33,11.75,12.15,12.61
9447130,323,30,930,-0.50,-0.26,0.02,0.36,0.73,450,10.96,11.32,11.76,12.18,12.61
9447130,324,30,930,-0.51,-0.26,0.02,0.37,0.74,450,10.94,11.32,11.77,12.22,12.66
9447130,325,30,930,-0.51,-0.27,0.02,0.37,0.75,450,10.91,11.33,11.78,12.25,12.68
9447130,326,30,930,-0.52,-0.28,0.02,0.38,0.75,450,10.91,11.33,11.79,12.25,12.71
9447130,327,30,930,-0.53,-0.28,0.02,0.39,0.76,450,10.91,11.35,11.81,12.27,12.71
9447130,328,30,930,-0.53,-0.28,0.02,0.39,0.76,450,10.91,11.36,11.85,12.30,12.72
9447130,329,30,930,-0.54,-0.30,0.02,0.39,0.76,450,10.93,11.36,11.86,12.32,12.80
9447130,330,30,930,-0.55,-0.30,0.02,0.39,0.77,450,10.93,11.37,11.87,12.33,12.76
9447130,331,30,930,-0.56,-0.30,0.02,0.40,0.79,450,10.94,11.40,11.87,12.33,12.81
9447130,332,30,930,-0.56,-0.30,0.03,0.41,0.81,450,10.94,11.40,11.86,12.31,12.76
9447130,333,30,930,-0.56,-0.30,0.04,0.42,0.83,450,10.91,11.41,11.85,12.31,12.75
9447130,334,30,930,-0.58,-0.30,0.04,0.42,0.84,450,10.91,11.39,11.84,12.31,12.72
9447130,335,30,930,-0.58,-0.31,0.05,0.43,0.85,450,10.93,11.38,11.85,12.32,12.72
9447130,336,30,930,-0.58,-0.31,0.04,0.44,0.85,450,10.93,11.38,11.86,12.32,12.76
9447130,337,30,930,-0.59,-0.32,0.04,0.43,0.87,450,10.94,11.41,11.88,12.33,12.76
9447130,338,30,930,-0.59,-0.33,0.04,0.44,0.88,450,10.98,11.44,11.89,12.35,12.79
9447130,339,30,930,-0.60,-0.34,0.03,0.45,0.88,450,11.04,11.48,11.90,12.35,12.80
9447130,340,30,930,-0.60,-0.34,0.02,0.45,0.91,450,11.09,11.51,11.93,12.39,12.81
9447130,341,30,930,-0.60,-0.34,0.03,0.46,0.91,450,11.10,11.51,11.95,12.40,12.85
9447130,342,30,930,-0.61,-0.34,0.03,0.45,0.92,450,11.09,11.50,11.97,12.43,12.85
9447130,343,30,930,-0.62,-0.34,0.04,0.45,0.92,450,11.06,11.50,11.99,12.45,12.82
9447130,344,30,930,-0.63,-0.34,0.03,0.45,0.92,450,11.04,11.51,12.00,12.49,12.80
9447130,345,30,930,-0.63,-0.34,0.02,0.45,0.92,450,11.04,11.52,12.02,12.49,12.84
9447130,346,30,930,-0.63,-0.34,0.02,0.45,0.92,450,11.05,11.57,12.04,12.49,12.85
9447130,347,30,930,-0.64,-0.34,0.03,0.45,0.89,450,11.06,11.58,12.06,12.53,12.89
9447130,348,30,930,-0.65,-0.33,0.04,0.45,0.90,450,11.10,11.59,12.10,12.54,12.95
9447130,349,30,930,-0.65,-0.33,0.06,0.45,0.90,450,11.10,11.59,12.11,12.57,13.04
9447130,350,30,930,-0.65,-0.32,0.06,0.45,0.91,450,11.07,11.58,12.13,12.58,13.04
9447130,351,30,900,-0.65,-0.32,0.06,0.45,0.92,450,11.04,11.55,12.14,12.59,13.05
9447130,352,30,900,-0.64,-0.32,0.05,0.45,0.92,450,11.01,11.51,12.16,12.61,13.06
9447130,353,30,900,-0.63,-0.32,0.05,0.45,0.92,450,10.97,11.48,12.12,12.61,13.06
9447130,354,30,900,-0.63,-0.31,0.06,0.46,0.92,450,10.93,11.45,12.11,12.59,13.07
9447130,355,30,900,-0.62,-0.30,0.07,0.46,0.92,450,10.90,11.44,12.10,12.61,13.08
9447130,356,30,900,-0.62,-0.30,0.07,0.45,0.92,450,10.93,11.45,12.10,12.61,13.08
9447130,357,30,900,-0.60,-0.29,0.07,0.45,0.92,450,10.96,11.48,12.10,12.61,13.06
9447130,358,30,900,-0.60,-0.29,0.07,0.45,0.92,450,10.99,11.49,12.10,12.61,13.08
9447130,359,30,900,-0.59,-0.28,0.08,0.46,0.92,420,11.02,11.48,12.09,12.61,13.10
9447130,360,30,900,-0.59,-0.27,0.09,0.49,0.92,420,11.01,11.47,12.05,12.62,13.10
9447130,361,30,900,-0.58,-0.26,0.09,0.48,0.89,420,10.97,11.44,12.04,12.62,13.11
9447130,362,30,900,-0.58,-0.26,0.09,0.48,0.88,420,10.97,11.40,12.02,12.62,13.11
9447130,363,30,900,-0.58,-0.26,0.09,0.48,0.87,420,10.96,11.38,12.01,12.62,13.08
9447130,364,30,900,-0.59,-0.27,0.09,0.47,0.87,420,10.94,11.37,12.01,12.62,13.07
9447130,365,30,900,-0.59,-0.28,0.08,0.45,0.85,420,10.96,11.38,12.02,12.62,13.09
9447130,366,30,900,-0.60,-0.28,0.08,0.45,0.85,420,10.97,11.44,12.04,12.62,13.08
9446484,1,24,704,-0.60,-0.25,0.11,0.48,0.84,328,11.38,11.81,12.42,12.96,13.54
9446484,2,24,703,-0.60,-0.26,0.11,0.48,0.84,327,11.41,11.85,12.43,12.97,13.51
9446484,3,24,702,-0.61,-0.26,0.11,0.50,0.84,326,11.44,11.86,12.43,12.96,13.49
9446484,4,24,701,-0.60,-0.26,0.11,0.50,0.86,325,11.44,11.85,12.43,12.96,13.48
9446484,5,24,700,-0.59,-0.27,0.11,0.49,0.84,324,11.41,11.83,12.43,12.97,13.47
9446484,6,24,699,-0.59,-0.27,0.11,0.48,0.84,323,11.38,11.79,12.43,12.98,13.48
9446484,7,24,698,-0.58,-0.27,0.10,0.48,0.83,322,11.28,11.78,12.43,13.01,13.48
9446484,8,24,697,-0.58,-0.27,0.10,0.48,0.83,345,11.25,11.77,12.40,13.00,13.48
9446484,9,24,696,-0.57,-0.26,0.10,0.47,0.84,345,11.21,11.79,12.43,12.98,13.48
9446484,10,24,695,-0.56,-0.27,0.10,0.47,0.84,345,11.26,11.80,12.43,12.98,13.48
9446484,11,24,694,-0.56,-0.27,0.10,0.47,0.84,345,11.29,11.81,12.43,12.98,13.47
9446484,12,24,693,-0.56,-0.27,0.10,0.47,0.84,345,11.24,11.81,12.43,12.97,13.41
9446484,13,24,692,-0.56,-0.27,0.10,0.48,0.83,345,11.24,11.81,12.40,12.95,13.34
9446484,14,24,691,-0.55,-0.27,0.10,0.49,0.84,345,11.21,11.81,12.39,12.94,13.30
9446484,15,24,690,-0.55,-0.27,0.10,0.49,0.83,345,11.15,11.79,12.37,12.91,13.29
9446484,16,24,713,-0.55,-0.27,0.10,0.48,0.83,345,11.11,11.77,12.37,12.92,13.29
9446484,17,24,713,-0.56,-0.27,0.10,0.48,0.83,345,11.09,11.73,12.37,12.94,13.34
9446484,18,24,713,-0.56,-0.27,0.10,0.48,0.82,345,11.07,11.70,12.39,12.95,13.31
9446484,19,24,713,-0.56,-0.28,0.10,0.47,0.82,345,11.07,11.75,12.39,12.94,13.30
9446484,20,24,713,-0.56,-0.28,0.10,0.48,0.83,345,11.10,11.75,12.35,12.90,13.29
9446484,21,24,713,-0.55,-0.28,0.09,0.48,0.83,345,11.11,11.72,12.33,12.88,13.28
9446484,22,24,713,-0.56,-0.28,0.09,0.48,0.85,345,11.11,11.72,12.28,12.84,13.25
9446484,23,24,713,-0.56,-0.29,0.08,0.47,0.86,345,11.12,11.68,12.28,12.83,13.25
9446484,24,24,713,-0.57,-0.30,0.07,0.46,0.86,345,11.10,11.65,12.26,12.82,13.25
9446484,25,24,713,-0.57,-0.31,0.05,0.45,0.86,345,11.05,11.61,12.25,12.81,13.25
9446484,26,24,713,-0.57,-0.33,0.04,0.45,0.87,345,11.04,11.58,12.24,12.81,13.24
9446484,27,24,713,-0.58,-0.34,0.03,0.44,0.87,345,10.98,11.55,12.24,12.81,13.25
9446484,28,24,713,-0.58,-0.34,0.03,0.44,0.86,345,10.98,11.53,12.22,12.82,13.25
9446484,29,24,713,-0.57,-0.33,0.03,0.44,0.86,345,10.96,11.49,12.18,12.81,13.24
9446484,30,24,713,-0.57,-0.33,0.03,0.44,0.86,345,10.96,11.48,12.13,12.79,13.19
9446484,31,24,713,-0.56,-0.33,0.04,0.44,0.87,345,10.96,11.47,12.08,12.72,13.15
9446484,32,24,713,-0.55,-0.33,0.04,0.44,0.86,345,10.98,11.46,12.02,12.67,13.14
9446484,33,24,713,-0.54,-0.31,0.04,0.43,0.86,345,10.94,11.44,12.01,12.64,13.14
9446484,34,24,713,-0.53,-0.31,0.03,0.42,0.86,345,10.88,11.40,11.99,12.62,13.14
9446484,35,24,713,-0.53,-0.30,0.04,0.40,0.86,345,10.83,11.37,11.99,12.62,13.14
9446484,36,24,713,-0.53,-0.29,0.04,0.39,0.85,345,10.79,11.36,11.99,12.63,13.08
9446484,37,24,713,-0.52,-0.28,0.03,0.38,0.82,345,10.77,11.36,11.96,12.62,13.05
9446484,38,24,713,-0.51,-0.27,0.04,0.36,0.81,345,10.77,11.35,11.96,12.64,13.03
9446484,39,24,713,-0.50,-0.27,0.04,0.36,0.76,345,10.77,11.34,11.96,12.57,13.02
9446484,40,24,713,-0.51,-0.27,0.04,0.36,0.75,345,10.73,11.31,11.95,12.52,13.00
9446484,41,24,713,-0.51,-0.27,0.04,0.36,0.75,345,10.65,11.28,11.95,12.47,12.99
9446484,42,24,713,-0.51,-0.27,0.03,0.36,0.75,345,10.65,11.28,11.94,12.43,12.93
9446484,43,24,713,-0.51,-0.27,0.04,0.36,0.76,345,10.65,11.28,11.94,12.43,12.88
9446484,44,24,713,-0.51,-0.27,0.04,0.36,0.76,345,10.64,11.28,11.95,12.43,12.89
9446484,45,24,696,-0.51,-0.27,0.04,0.36,0.75,345,10.59,11.27,11.95,12.47,12.89
9446484,46,24,696,-0.50,-0.26,0.04,0.36,0.75,345,10.55,11.27,11.94,12.52,12.89
9446484,47,24,696,-0.50,-0.26,0.04,0.36,0.76,345,10.54,11.27,11.92,12.52,12.89
9446484,48,24,696,-0.49,-0.26,0.05,0.37,0.75,345,10.55,11.27,11.91,12.50,12.88
9446484,49,24,696,-0.48,-0.26,0.05,0.38,0.75,345,10.60,11.27,11.91,12.48,12.88
9446484,50,24,696,-0.47,-0.24,0.05,0.38,0.76,345,10.61,11.26,11.90,12.42,12.83
9446484,51,24,696,-0.47,-0.23,0.06,0.37,0.75,345,10.61,11.23,11.86,12.40,12.80
9446484,52,24,696,-0.47,-0.22,0.06,0.36,0.73,345,10.55,11.23,11.85,12.40,12.80
9446484,53,24,696,-0.47,-0.22,0.06,0.37,0.72,328,10.51,11.14,11.82,12.39,12.79
9446484,54,24,696,-0.47,-0.22,0.06,0.37,0.71,328,10.49,11.16,11.85,12.42,12.80
9446484,55,24,696,-0.46,-0.21,0.06,0.38,0.71,328,10.49,11.17,11.88,12.42,12.84
9446484,56,24,696,-0.46,-0.20,0.07,0.38,0.70,328,10.51,11.19,11.86,12.46,12.89
9446484,57,24,696,-0.46,-0.19,0.08,0.38,0.70,328,10.53,11.19,11.84,12.46,12.90
9446484,58,24,696,-0.44,-0.19,0.09,0.39,0.71,328,10.54,11.17,11.82,12.40,12.90
9446484,59,24,696,-0.44,-0.18,0.10,0.40,0.71,328,10.55,11.18,11.79,12.34,12.90
9446484,60,24,696,-0.44,-0.18,0.10,0.41,0.72,328,10.58,11.16,11.74,12.22,12.80
9446484,61,24,696,-0.43,-0.17,0.11,0.41,0.72,328,10.65,11.16,11.70,12.16,12.76
9446484,62,24,696,-0.42,-0.17,0.11,0.41,0.71,328,10.65,11.16,11.68,12.14,12.75
9446484,63,24,696,-0.41,-0.16,0.11,0.40,0.71,328,10.64,11.16,11.65,12.14,12.76
9446484,64,24,696,-0.40,-0.16,0.11,0.40,0.70,328,10.57,11.15,11.63,12.16,12.85
9446484,65,24,696,-0.41,-0.16,0.11,0.40,0.70,328,10.54,11.12,11.65,12.16,12.91
9446484,66,24,696,-0.42,-0.16,0.12,0.40,0.70,328,10.54,11.12,11.66,12.15,12.96
9446484,67,24,696,-0.42,-0.16,0.12,0.41,0.71,328,10.57,11.14,11.63,12.12,12.83
9446484,68,24,696,-0.42,-0.16,0.13,0.42,0.71,345,10.61,11.15,11.64,12.12,12.81
9446484,69,24,696,-0.41,-0.16,0.14,0.43,0.72,345,10.62,11.14,11.63,12.09,12.74
9446484,70,24,696,-0.40,-0.16,0.15,0.45,0.74,345,10.62,11.12,11.60,12.07,12.62
9446484,71,24,696,-0.40,-0.15,0.15,0.47,0.75,345,10.60,11.12,11.60,12.05,12.51
9446484,72,24,696,-0.40,-0.15,0.16,0.48,0.76,345,10.58,11.12,11.60,12.04,12.48
9446484,73,24,696,-0.39,-0.14,0.16,0.48,0.76,345,10.52,11.12,11.60,12.06,12.52
9446484,74,24,696,-0.39,-0.14,0.16,0.48,0.77,345,10.46,11.07,11.61,12.10,12.60
9446484,75,24,696,-0.40,-0.15,0.16,0.49,0.77,345,10.44,11.07,11.64,12.12,12.67
9446484,76,24,713,-0.40,-0.15,0.16,0.49,0.77,345,10.40,11.02,11.64,12.14,12.69
9446484,77,24,713,-0.40,-0.15,0.16,0.49,0.77,345,10.38,11.01,11.64,12.16,12.67
9446484,78,24,713,-0.40,-0.15,0.15,0.49,0.76,345,10.43,11.01,11.63,12.12,12.64
9446484,79,24,713,-0.40,-0.15,0.14,0.49,0.76,345,10.44,11.04,11.62,12.10,12.61
9446484,80,24,713,-0.40,-0.15,0.14,0.49,0.76,345,10.43,11.07,11.60,12.10,12.61
9446484,81,24,713,-0.41,-0.16,0.15,0.48,0.76,345,10.44,11.07,11.59,12.12,12.62
9446484,82,24,713,-0.40,-0.16,0.14,0.48,0.76,345,10.44,11.02,11.59,12.16,12.66
9446484,83,24,713,-0.40,-0.16,0.13,0.49,0.77,345,10.43,11.02,11.59,12.18,12.71
9446484,84,24,713,-0.39,-0.16,0.15,0.49,0.77,345,10.41,11.02,11.62,12.19,12.73
9446484,85,24,713,-0.38,-0.16,0.15,0.49,0.77,345,10.44,11.02,11.63,12.18,12.74
9446484,86,24,713,-0.37,-0.15,0.15,0.49,0.77,345,10.46,11.02,11.60,12.17,12.74
9446484,87,24,713,-0.37,-0.15,0.16,0.49,0.78,345,10.52,11.02,11.58,12.13,12.71
9446484,88,24,713,-0.36,-0.14,0.15,0.49,0.77,345,10.58,11.04,11.54,12.11,12.65
9446484,89,24,713,-0.37,-0.14,0.15,0.48,0.75,345,10.64,11.08,11.56,12.04,12.60
9446484,90,24,713,-0.36,-0.14,0.15,0.48,0.74,345,10.68,11.08,11.56,12.02,12.56
9446484,91,24,713,-0.36,-0.14,0.15,0.46,0.73,345,10.72,11.09,11.57,12.08,12.56
9446484,92,24,713,-0.36,-0.14,0.15,0.47,0.73,345,10.72,11.10,11.58,12.11,12.58
9446484,93,24,713,-0.36,-0.14,0.15,0.46,0.73,345,10.74,11.09,11.57,12.12,12.60
9446484,94,24,713,-0.37,-0.14,0.15,0.46,0.72,345,10.76,11.08,11.57,12.12,12.60
9446484,95,24,713,-0.37,-0.14,0.15,0.46,0.72,345,10.78,11.08,11.55,12.08,12.57
9446484,96,24,713,-0.37,-0.14,0.15,0.45,0.72,345,10.80,11.10,11.54,12.03,12.53
9446484,97,24,713,-0.36,-0.14,0.14,0.44,0.71,345,10.80,11.12,11.54,12.00,12.42
9446484,98,24,713,-0.36,-0.14,0.13,0.42,0.69,345,10.82,11.12,11.54,12.00,12.38
9446484,99,24,713,-0.37,-0.14,0.12,0.40,0.69,345,10.85,11.13,11.54,12.00,12.34
9446484,100,24,713,-0.37,-0.14,0.11,0.40,0.67,345,10.85,11.15,11.54,12.02,12.36
9446484,101,24,713,-0.38,-0.15,0.11,0.40,0.66,345,10.85,11.18,11.55,12.03,12.38
9446484,102,24,713,-0.39,-0.16,0.10,0.38,0.66,345,10.82,11.21,11.57,12.07,12.41
9446484,103,24,713,-0.38,-0.16,0.10,0.38,0.66,345,10.81,11.22,11.58,12.07,12.47
9446484,104,24,713,-0.38,-0.16,0.09,0.37,0.64,345,10.81,11.22,11.57,12.07,12.47
9446484,105,24,713,-0.37,-0.15,0.09,0.36,0.61,345,10.83,11.21,11.55,12.05,12.44
9446484,106,24,713,-0.37,-0.15,0.08,0.34,0.60,345,10.85,11.21,11.54,12.01,12.39
9446484,107,24,713,-0.37,-0.16,0.08,0.33,0.60,345,10.85,11.21,11.53,11.98,12.33
9446484,108,24,713,-0.37,-0.16,0.08,0.32,0.59,345,10.91,11.22,11.54,11.96,12.29
9446484,109,24,713,-0.37,-0.15,0.08,0.32,0.58,345,10.89,11.24,11.54,11.96,12.28
9446484,110,24,713,-0.37,-0.15,0.08,0.32,0.55,345,10.85,11.25,11.54,11.99,12.31
9446484,111,24,713,-0.35,-0.15,0.08,0.32,0.54,345,10.84,11.24,11.54,12.03,12.39
9446484,112,24,713,-0.35,-0.15,0.07,0.30,0.53,345,10.83,11.21,11.55,12.04,12.40
9446484,113,24,713,-0.36,-0.16,0.07,0.30,0.52,345,10.83,11.20,11.55,12.02,12.38
9446484,114,24,713,-0.37,-0.16,0.07,0.29,0.51,345,10.83,11.19,11.52,11.99,12.36
9446484,115,24,713,-0.38,-0.16,0.07,0.28,0.50,345,10.85,11.18,11.50,11.96,12.31
9446484,116,24,713,-0.38,-0.17,0.06,0.28,0.50,345,10.89,11.20,11.51,11.93,12.26
9446484,117,24,713,-0.38,-0.17,0.05,0.27,0.48,345,10.90,11.20,11.51,11.91,12.24
9446484,118,24,713,-0.38,-0.17,0.04,0.25,0.48,345,10.95,11.21,11.54,11.94,12.23
9446484,119,24,713,-0.38,-0.19,0.04,0.25,0.47,345,10.97,11.22,11.54,11.97,12.24
9446484,120,24,713,-0.38,-0.19,0.04,0.25,0.46,345,10.97,11.24,11.56,11.98,12.26
9446484,121,24,713,-0.38,-0.18,0.04,0.25,0.46,345,10.97,11.25,11.57,12.00,12.28
9446484,122,24,713,-0.37,-0.18,0.04,0.24,0.46,345,10.96,11.25,11.57,12.01,12.33
9446484,123,24,713,-0.37,-0.17,0.04,0.24,0.45,345,10.96,11.25,11.57,12.01,12.33
9446484,124,24,713,-0.37,-0.17,0.05,0.24,0.46,345,10.96,11.24,11.57,12.01,12.33
9446484,125,24,713,-0.35,-0.17,0.05,0.24,0.46,345,10.96,11.24,11.57,12.00,12.30
9446484,126,24,713,-0.35,-0.16,0.06,0.24,0.46,345,10.96,11.26,11.59,11.98,12.26
9446484,127,24,713,-0.35,-0.16,0.06,0.24,0.45,345,10.97,11.28,11.61,11.98,12.25
9446484,128,24,713,-0.35,-0.15,0.06,0.24,0.46,345,11.01,11.31,11.63,12.01,12.29
9446484,129,24,713,-0.34,-0.14,0.07,0.25,0.45,345,11.06,11.34,11.65,12.05,12.35
9446484,130,24,713,-0.34,-0.14,0.07,0.25,0.44,345,11.08,11.36,11.69,12.07,12.39
9446484,131,24,713,-0.33,-0.13,0.07,0.25,0.44,345,11.09,11.36,11.70,12.10,12.42
9446484,132,24,713,-0.32,-0.12,0.07,0.25,0.43,345,11.06,11.35,11.70,12.12,12.44
9446484,133,24,713,-0.30,-0.12,0.07,0.25,0.41,345,11.06,11.35,11.71,12.14,12.45
9446484,134,24,713,-0.30,-0.11,0.08,0.25,0.40,345,11.06,11.36,11.73,12.15,12.45
9446484,135,24,713,-0.29,-0.11,0.08,0.25,0.40,345,11.08,11.36,11.78,12.15,12.45
9446484,136,24,713,-0.29,-0.11,0.08,0.25,0.40,345,11.09,11.39,11.79,12.18,12.46
9446484,137,24,713,-0.28,-0.10,0.08,0.25,0.40,345,11.12,11.42,11.81,12.21,12.46
9446484,138,24,713,-0.27,-0.09,0.09,0.25,0.40,345,11.20,11.46,11.83,12.21,12.47
9446484,139,24,713,-0.27,-0.09,0.09,0.25,0.40,345,11.21,11.52,11.84,12.22,12.48
9446484,140,24,713,-0.26,-0.09,0.09,0.25,0.40,345,11.25,11.52,11.85,12.24,12.48
9446484,141,24,713,-0.25,-0.08,0.09,0.25,0.40,345,11.25,11.53,11.86,12.26,12.50
9446484,142,24,713,-0.23,-0.08,0.09,0.25,0.39,345,11.23,11.52,11.87,12.27,12.53
9446484,143,24,713,-0.22,-0.08,0.09,0.26,0.39,345,11.20,11.52,11.87,12.29,12.53
9446484,144,24,713,-0.21,-0.07,0.09,0.26,0.39,345,11.20,11.52,11.87,12.27,12.53
9446484,145,24,713,-0.21,-0.07,0.10,0.26,0.39,345,11.20,11.52,11.87,12.27,12.53
9446484,146,24,713,-0.20,-0.06,0.10,0.26,0.39,345,11.22,11.53,11.88,12.26,12.53
9446484,147,24,713,-0.20,-0.06,0.10,0.26,0.39,345,11.26,11.56,11.89,12.26,12.53
9446484,148,24,713,-0.19,-0.05,0.10,0.26,0.38,345,11.29,11.58,11.90,12.25,12.52
9446484,149,24,713,-0.19,-0.05,0.11,0.26,0.38,345,11.32,11.59,11.88,12.25,12.52
9446484,150,24,713,-0.18,-0.05,0.11,0.26,0.38,345,11.31,11.57,11.87,12.25,12.53
9446484,151,24,713,-0.18,-0.05,0.10,0.26,0.38,345,11.26,11.56,11.86,12.26,12.53
9446484,152,24,713,-0.19,-0.05,0.10,0.25,0.37,345,11.22,11.53,11.86,12.26,12.53
9446484,153,24,713,-0.19,-0.06,0.10,0.25,0.37,345,11.17,11.52,11.88,12.28,12.54
9446484,154,24,713,-0.20,-0.06,0.09,0.25,0.36,345,11.15,11.48,11.89,12.30,12.57
9446484,155,24,713,-0.20,-0.06,0.09,0.24,0.35,345,11.15,11.50,11.90,12.30,12.56
9446484,156,24,713,-0.20,-0.06,0.09,0.23,0.35,345,11.17,11.51,11.91,12.29,12.56
9446484,157,24,713,-0.20,-0.06,0.09,0.23,0.35,345,11.20,11.52,11.92,12.28,12.53
9446484,158,24,713,-0.20,-0.06,0.08,0.22,0.34,345,11.23,11.52,11.92,12.26,12.53
9446484,159,24,713,-0.20,-0.06,0.08,0.22,0.34,345,11.20,11.51,11.92,12.26,12.51
9446484,160,24,713,-0.20,-0.06,0.07,0.22,0.34,345,11.17,11.50,11.92,12.26,12.51
9446484,161,24,713,-0.20,-0.07,0.07,0.22,0.34,345,11.15,11.48,11.91,12.26,12.50
9446484,162,24,713,-0.22,-0.07,0.06,0.21,0.34,345,11.11,11.47,11.90,12.27,12.54
9446484,163,24,713,-0.22,-0.08,0.06,0.21,0.34,345,11.07,11.43,11.89,12.29,12.57
9446484,164,24,713,-0.22,-0.08,0.06,0.21,0.34,345,11.05,11.43,11.91,12.28,12.57
9446484,165,24,713,-0.22,-0.09,0.06,0.21,0.34,345,11.07,11.48,11.91,12.26,12.53
9446484,166,24,713,-0.22,-0.08,0.06,0.21,0.34,345,11.11,11.51,11.92,12.23,12.51
9446484,167,24,713,-0.21,-0.08,0.06,0.21,0.34,345,11.16,11.53,11.91,12.22,12.48
9446484,168,24,713,-0.21,-0.07,0.06,0.21,0.34,345,11.16,11.52,11.91,12.21,12.46
9446484,169,24,713,-0.21,-0.07,0.06,0.21,0.33,345,11.15,11.50,11.90,12.19,12.46
9446484,170,24,714,-0.21,-0.07,0.06,0.21,0.33,345,11.10,11.49,11.90,12.19,12.48
9446484,171,24,715,-0.20,-0.07,0.06,0.20,0.32,345,10.99,11.47,11.90,12.21,12.49
9446484,172,24,716,-0.20,-0.08,0.06,0.20,0.32,345,10.94,11.46,11.90,12.22,12.51
9446484,173,24,717,-0.21,-0.08,0.05,0.19,0.31,345,10.95,11.47,11.91,12.23,12.52
9446484,174,24,718,-0.21,-0.08,0.05,0.19,0.31,345,11.00,11.49,11.91,12.23,12.53
9446484,175,24,719,-0.21,-0.08,0.05,0.19,0.31,345,11.10,11.52,11.91,12.23,12.51
9446484,176,24,720,-0.21,-0.08,0.05,0.19,0.31,345,11.12,11.55,11.90,12.20,12.51
9446484,177,24,721,-0.20,-0.07,0.05,0.19,0.30,345,11.13,11.55,11.90,12.19,12.49
9446484,178,24,722,-0.20,-0.07,0.05,0.19,0.30,346,11.12,11.53,11.90,12.19,12.48
9446484,179,24,723,-0.19,-0.07,0.05,0.19,0.30,347,11.09,11.52,11.89,12.19,12.49
9446484,180,24,724,-0.19,-0.07,0.05,0.19,0.30,348,11.02,11.49,11.89,12.21,12.51
9446484,181,24,725,-0.19,-0.07,0.06,0.19,0.29,349,10.96,11.46,11.90,12.26,12.53
9446484,182,24,726,-0.18,-0.06,0.06,0.19,0.30,350,10.93,11.43,11.89,12.31,12.57
9446484,183,24,727,-0.17,-0.06,0.06,0.19,0.30,351,10.89,11.44,11.89,12.31,12.58
9446484,184,24,728,-0.17,-0.06,0.06,0.19,0.30,352,10.95,11.49,11.90,12.30,12.58
9446484,185,24,729,-0.17,-0.06,0.06,0.19,0.30,353,11.00,11.51,11.90,12.26,12.57
9446484,186,24,730,-0.16,-0.05,0.07,0.19,0.30,354,11.04,11.52,11.89,12.25,12.54
9446484,187,24,731,-0.16,-0.05,0.07,0.19,0.30,355,11.04,11.52,11.86,12.20,12.50
9446484,188,24,732,-0.15,-0.05,0.07,0.20,0.31,356,10.97,11.51,11.85,12.19,12.50
9446484,189,24,733,-0.15,-0.05,0.07,0.20,0.31,357,10.90,11.48,11.85,12.21,12.50
9446484,190,24,734,-0.15,-0.04,0.07,0.20,0.31,358,10.88,11.44,11.85,12.23,12.52
9446484,191,24,735,-0.14,-0.04,0.07,0.19,0.31,359,10.87,11.32,11.86,12.27,12.57
9446484,192,24,736,-0.14,-0.04,0.07,0.19,0.31,360,10.84,11.30,11.86,12.29,12.58
9446484,193,24,737,-0.14,-0.04,0.07,0.19,0.30,360,10.85,11.32,11.86,12.27,12.59
9446484,194,24,738,-0.14,-0.04,0.08,0.19,0.29,360,10.87,11.39,11.86,12.24,12.54
9446484,195,24,739,-0.13,-0.04,0.08,0.19,0.29,360,10.91,11.42,11.85,12.19,12.51
9446484,196,24,740,-0.13,-0.03,0.08,0.19,0.29,360,10.94,11.43,11.85,12.15,12.46
9446484,197,24,741,-0.13,-0.03,0.08,0.19,0.29,360,10.94,11.43,11.84,12.13,12.41
9446484,198,24,742,-0.13,-0.03,0.08,0.19,0.30,360,10.94,11.41,11.85,12.13,12.41
9446484,199,24,743,-0.13,-0.03,0.08,0.19,0.30,360,10.89,11.36,11.85,12.14,12.41
9446484,200,24,744,-0.13,-0.03,0.08,0.19,0.30,360,10.84,11.29,11.85,12.17,12.45
9446484,201,24,744,-0.13,-0.03,0.08,0.20,0.31,360,10.83,11.27,11.84,12.19,12.51
9446484,202,24,744,-0.12,-0.02,0.08,0.20,0.31,360,10.84,11.29,11.83,12.19,12.54
9446484,203,24,744,-0.11,-0.02,0.09,0.20,0.31,360,10.86,11.31,11.80,12.17,12.51
9446484,204,24,744,-0.11,-0.02,0.09,0.20,0.31,360,10.89,11.33,11.77,12.14,12.42
9446484,205,24,744,-0.11,-0.02,0.10,0.21,0.32,360,10.87,11.34,11.75,12.10,12.40
9446484,206,24,744,-0.10,-0.01,0.10,0.21,0.32,360,10.86,11.33,11.73,12.07,12.39
9446484,207,24,744,-0.10,-0.01,0.10,0.21,0.32,360,10.85,11.32,11.72,12.04,12.39
9446484,208,24,744,-0.10,-0.01,0.10,0.21,0.32,360,10.81,11.29,11.71,12.06,12.40
9446484,209,24,744,-0.10,-0.01,0.09,0.21,0.32,360,10.73,11.22,11.72,12.09,12.42
9446484,210,24,744,-0.10,-0.01,0.09,0.21,0.32,360,10.70,11.20,11.71,12.13,12.50
9446484,211,24,744,-0.10,-0.01,0.09,0.21,0.32,360,10.68,11.20,11.70,12.17,12.55
9446484,212,24,744,-0.10,-0.01,0.09,0.22,0.32,360,10.68,11.21,11.70,12.14,12.55
9446484,213,24,744,-0.10,0.00,0.10,0.22,0.32,360,10.73,11.24,11.68,12.10,12.55
9446484,214,24,744,-0.10,0.00,0.09,0.22,0.32,360,10.73,11.26,11.66,12.02,12.53
9446484,215,24,744,-0.10,0.00,0.09,0.22,0.32,360,10.73,11.25,11.66,11.98,12.44
9446484,216,24,744,-0.10,0.00,0.09,0.22,0.32,360,10.68,11.23,11.65,11.97,12.40
9446484,217,24,744,-0.10,0.00,0.09,0.22,0.32,360,10.67,11.20,11.65,11.98,12.40
9446484,218,24,744,-0.10,0.00,0.09,0.22,0.32,360,10.66,11.18,11.65,12.02,12.48
9446484,219,24,744,-0.10,0.00,0.09,0.22,0.32,360,10.61,11.14,11.66,12.07,12.52
9446484,220,24,744,-0.10,0.00,0.09,0.22,0.32,360,10.59,11.11,11.65,12.12,12.56
9446484,221,24,744,-0.09,0.00,0.10,0.22,0.32,360,10.59,11.12,11.64,12.13,12.57
9446484,222,24,744,-0.09,0.00,0.10,0.22,0.33,360,10.65,11.14,11.63,12.08,12.56
9446484,223,24,744,-0.09,0.00,0.10,0.23,0.33,360,10.67,11.12,11.59,12.05,12.53
9446484,224,24,744,-0.09,0.00,0.11,0.23,0.33,360,10.67,11.11,11.56,12.02,12.48
9446484,225,24,744,-0.09,0.00,0.11,0.23,0.34,360,10.67,11.10,11.54,11.98,12.38
9446484,226,24,744,-0.09,0.00,0.11,0.23,0.34,360,10.61,11.09,11.53,11.97,12.38
9446484,227,24,744,-0.09,0.00,0.11,0.23,0.34,360,10.58,11.06,11.52,12.04,12.42
9446484,228,24,744,-0.10,0.00,0.11,0.24,0.34,360,10.42,11.04,11.52,12.08,12.51
9446484,229,24,744,-0.11,-0.01,0.11,0.24,0.35,360,10.41,11.03,11.52,12.10,12.56
9446484,230,24,744,-0.11,-0.01,0.11,0.24,0.34,360,10.39,11.02,11.52,12.14,12.57
9446484,231,24,744,-0.11,-0.01,0.10,0.24,0.35,360,10.42,11.04,11.48,12.10,12.57
9446484,232,24,744,-0.12,-0.01,0.10,0.23,0.34,360,10.42,11.04,11.45,12.07,12.56
9446484,233,24,744,-0.12,-0.02,0.10,0.23,0.34,360,10.42,11.03,11.44,11.91,12.51
9446484,234,24,744,-0.13,-0.02,0.09,0.23,0.34,360,10.43,11.02,11.44,11.85,12.41
9446484,235,24,744,-0.15,-0.03,0.09,0.22,0.34,360,10.42,11.03,11.45,11.84,12.37
9446484,236,24,744,-0.16,-0.03,0.08,0.22,0.33,360,10.38,11.00,11.44,11.88,12.38
9446484,237,24,744,-0.16,-0.03,0.08,0.21,0.33,360,10.34,10.96,11.45,11.96,12.45
9446484,238,24,744,-0.16,-0.03,0.08,0.21,0.33,360,10.31,10.95,11.45,12.00,12.50
9446484,239,24,744,-0.17,-0.04,0.08,0.21,0.33,360,10.31,10.95,11.44,12.00,12.52
9446484,240,24,744,-0.18,-0.04,0.08,0.21,0.33,360,10.31,10.95,11.41,11.96,12.52
9446484,241,24,744,-0.18,-0.05,0.08,0.21,0.33,360,10.35,10.95,11.39,11.87,12.45
9446484,242,24,744,-0.18,-0.05,0.08,0.21,0.33,360,10.35,10.93,11.36,11.82,12.37
9446484,243,24,744,-0.18,-0.06,0.08,0.21,0.33,360,10.34,10.90,11.36,11.75,12.29
9446484,244,24,744,-0.18,-0.06,0.07,0.21,0.34,360,10.28,10.85,11.36,11.75,12.21
9446484,245,24,744,-0.18,-0.06,0.08,0.22,0.35,360,10.16,10.83,11.36,11.78,12.23
9446484,246,24,744,-0.18,-0.06,0.08,0.22,0.36,360,10.15,10.81,11.36,11.83,12.32
9446484,247,24,744,-0.18,-0.06,0.08,0.23,0.36,360,10.11,10.80,11.37,11.87,12.37
9446484,248,24,744,-0.18,-0.07,0.08,0.23,0.36,360,10.12,10.77,11.38,11.89,12.38
9446484,249,24,744,-0.19,-0.07,0.08,0.23,0.36,360,10.13,10.77,11.37,11.89,12.38
9446484,250,24,744,-0.19,-0.07,0.08,0.23,0.36,360,10.14,10.78,11.36,11.86,12.38
9446484,251,24,744,-0.20,-0.08,0.07,0.24,0.38,360,10.25,10.79,11.35,11.81,12.36
9446484,252,24,744,-0.20,-0.08,0.07,0.24,0.38,360,10.33,10.80,11.35,11.77,12.30
9446484,253,24,744,-0.21,-0.09,0.06,0.23,0.38,360,10.38,10.80,11.36,11.77,12.22
9446484,254,24,744,-0.21,-0.10,0.05,0.23,0.38,360,10.33,10.80,11.36,11.78,12.27
9446484,255,24,744,-0.23,-0.10,0.04,0.23,0.39,360,10.28,10.80,11.38,11.85,12.38
9446484,256,24,744,-0.23,-0.11,0.04,0.22,0.39,360,10.24,10.80,11.39,11.90,12.42
9446484,257,24,744,-0.23,-0.11,0.04,0.21,0.39,360,10.24,10.79,11.41,11.96,12.43
9446484,258,24,744,-0.24,-0.11,0.04,0.22,0.39,360,10.25,10.78,11.41,11.96,12.43
9446484,259,24,744,-0.24,-0.11,0.04,0.21,0.40,360,10.34,10.81,11.39,11.92,12.43
9446484,260,24,744,-0.24,-0.11,0.04,0.21,0.41,360,10.40,10.85,11.34,11.86,12.41
9446484,261,24,744,-0.24,-0.11,0.04,0.21,0.41,360,10.42,10.86,11.32,11.82,12.37
9446484,262,24,744,-0.25,-0.12,0.03,0.21,0.41,360,10.43,10.87,11.32,11.81,12.31
9446484,263,24,744,-0.25,-0.13,0.03,0.21,0.42,360,10.44,10.88,11.32,11.82,12.28
9446484,264,24,744,-0.26,-0.13,0.03,0.22,0.42,360,10.42,10.87,11.33,11.84,12.31
9446484,265,24,744,-0.26,-0.14,0.02,0.22,0.43,360,10.38,10.86,11.35,11.86,12.38
9446484,266,24,744,-0.26,-0.14,0.03,0.21,0.43,360,10.31,10.86,11.35,11.91,12.43
9446484,267,24,744,-0.27,-0.14,0.03,0.23,0.43,360,10.31,10.83,11.35,11.92,12.44
9446484,268,24,744,-0.28,-0.14,0.02,0.23,0.44,360,10.34,10.84,11.33,11.90,12.45
9446484,269,24,744,-0.28,-0.14,0.02,0.24,0.44,360,10.39,10.86,11.32,11.82,12.42
9446484,270,24,744,-0.29,-0.15,0.02,0.24,0.45,360,10.43,10.87,11.31,11.77,12.33
9446484,271,24,744,-0.30,-0.15,0.02,0.25,0.45,360,10.45,10.89,11.31,11.72,12.21
9446484,272,24,744,-0.31,-0.16,0.02,0.24,0.46,360,10.47,10.92,11.33,11.71,12.14
9446484,273,24,744,-0.31,-0.17,0.02,0.23,0.46,360,10.49,10.93,11.35,11.73,12.19
9446484,274,24,744,-0.33,-0.18,0.01,0.23,0.47,360,10.47,10.94,11.36,11.77,12.28
9446484,275,24,744,-0.34,-0.19,0.00,0.23,0.48,360,10.49,10.93,11.40,11.82,12.39
9446484,276,24,744,-0.34,-0.19,0.00,0.23,0.49,360,10.49,10.93,11.43,11.86,12.42
9446484,277,24,744,-0.35,-0.20,0.00,0.23,0.49,360,10.52,10.96,11.43,11.85,12.39
9446484,278,24,744,-0.35,-0.20,-0.01,0.23,0.50,360,10.54,11.00,11.41,11.83,12.39
9446484,279,24,744,-0.37,-0.21,-0.01,0.23,0.52,360,10.58,11.03,11.41,11.78,12.31
9446484,280,24,744,-0.37,-0.21,-0.01,0.23,0.52,360,10.68,11.06,11.40,11.77,12.30
9446484,281,24,744,-0.38,-0.22,-0.01,0.23,0.53,360,10.72,11.07,11.40,11.75,12.30
9446484,282,24,744,-0.38,-0.22,-0.01,0.23,0.53,360,10.74,11.10,11.42,11.79,12.31
9446484,283,24,744,-0.39,-0.23,-0.02,0.23,0.53,360,10.75,11.10,11.43,11.83,12.32
9446484,284,24,744,-0.41,-0.23,-0.02,0.23,0.54,360,10.75,11.12,11.46,11.86,12.39
9446484,285,24,744,-0.44,-0.24,-0.02,0.23,0.54,360,10.75,11.11,11.50,11.94,12.56
9446484,286,24,744,-0.44,-0.25,-0.02,0.23,0.53,360,10.75,11.11,11.50,11.98,12.57
9446484,287,24,744,-0.45,-0.25,-0.02,0.25,0.54,360,10.78,11.11,11.50,12.02,12.58
9446484,288,24,744,-0.45,-0.26,-0.02,0.25,0.55,360,10.79,11.12,11.51,12.02,12.57
9446484,289,24,744,-0.46,-0.26,-0.03,0.25,0.56,360,10.85,11.16,11.52,11.99,12.56
9446484,290,24,744,-0.47,-0.27,-0.04,0.25,0.56,360,10.87,11.19,11.54,11.99,12.44
9446484,291,24,744,-0.49,-0.28,-0.05,0.25,0.56,360,10.91,11.22,11.55,12.02,12.46
9446484,292,24,744,-0.49,-0.29,-0.05,0.25,0.56,360,10.91,11.22,11.57,12.04,12.50
9446484,293,24,744,-0.49,-0.29,-0.05,0.26,0.57,360,10.91,11.22,11.61,12.11,12.57
9446484,294,24,744,-0.49,-0.29,-0.05,0.26,0.56,360,10.91,11.21,11.64,12.14,12.59
9446484,295,24,744,-0.49,-0.29,-0.04,0.26,0.56,360,10.92,11.21,11.66,12.17,12.61
9446484,296,24,744,-0.49,-0.29,-0.03,0.27,0.57,360,10.93,11.22,11.68,12.15,12.59
9446484,297,24,744,-0.49,-0.29,-0.03,0.28,0.58,360,10.94,11.24,11.68,12.15,12.56
9446484,298,24,744,-0.50,-0.29,-0.04,0.28,0.59,360,10.95,11.24,11.68,12.13,12.48
9446484,299,24,744,-0.50,-0.29,-0.02,0.29,0.59,360,10.98,11.24,11.68,12.13,12.47
9446484,300,24,744,-0.50,-0.28,-0.03,0.29,0.59,360,11.00,11.26,11.69,12.13,12.47
9446484,301,24,744,-0.50,-0.28,-0.03,0.29,0.60,360,11.01,11.27,11.72,12.15,12.49
9446484,302,24,744,-0.50,-0.28,-0.03,0.30,0.61,360,11.02,11.31,11.75,12.17,12.56
9446484,303,24,744,-0.50,-0.27,-0.02,0.31,0.61,360,11.03,11.32,11.78,12.23,12.62
9446484,304,24,744,-0.49,-0.26,-0.02,0.31,0.61,360,11.03,11.32,11.82,12.26,12.64
9446484,305,24,744,-0.49,-0.25,-0.01,0.31,0.62,360,11.03,11.33,11.82,12.31,12.67
9446484,306,24,744,-0.49,-0.25,0.00,0.33,0.62,360,11.03,11.34,11.83,12.33,12.69
9446484,307,24,744,-0.49,-0.25,0.01,0.33,0.62,360,11.06,11.38,11.86,12.35,12.71
9446484,308,24,744,-0.48,-0.24,0.01,0.32,0.62,360,11.07,11.43,11.89,12.38,12.72
9446484,309,24,744,-0.49,-0.24,0.02,0.33,0.62,360,11.13,11.46,11.91,12.42,12.72
9446484,310,24,744,-0.50,-0.24,0.03,0.33,0.63,360,11.19,11.47,11.94,12.44,12.72
9446484,311,24,744,-0.50,-0.24,0.03,0.35,0.66,360,11.24,11.50,11.97,12.48,12.78
9446484,312,24,744,-0.50,-0.24,0.04,0.37,0.68,360,11.27,11.54,11.99,12.51,12.83
9446484,313,24,744,-0.51,-0.24,0.05,0.38,0.69,360,11.30,11.55,12.02,12.53,12.87
9446484,314,24,744,-0.51,-0.24,0.05,0.39,0.70,360,11.32,11.57,12.07,12.55,12.89
9446484,315,24,744,-0.50,-0.23,0.06,0.39,0.70,360,11.32,11.57,12.07,12.57,12.96
9446484,316,24,744,-0.48,-0.23,0.07,0.39,0.71,360,11.32,11.57,12.09,12.59,12.99
9446484,317,24,744,-0.48,-0.23,0.07,0.39,0.72,360,11.32,11.59,12.12,12.60,13.02
9446484,318,24,744,-0.48,-0.23,0.06,0.39,0.72,360,11.34,11.67,12.13,12.61,13.08
9446484,319,24,744,-0.48,-0.23,0.06,0.39,0.73,360,11.37,11.70,12.18,12.63,13.09
9446484,320,24,744,-0.48,-0.23,0.07,0.39,0.73,360,11.38,11.72,12.20,12.63,13.10
9446484,321,24,744,-0.48,-0.23,0.08,0.39,0.73,360,11.39,11.75,12.21,12.64,13.10
9446484,322,24,744,-0.48,-0.21,0.08,0.39,0.75,360,11.38,11.75,12.23,12.64,13.13
9446484,323,24,744,-0.49,-0.22,0.07,0.40,0.76,360,11.38,11.73,12.22,12.65,13.13
9446484,324,24,744,-0.50,-0.23,0.07,0.42,0.77,360,11.35,11.73,12.23,12.68,13.14
9446484,325,24,744,-0.51,-0.23,0.07,0.43,0.77,360,11.34,11.73,12.22,12.71,13.18
9446484,326,24,744,-0.52,-0.24,0.07,0.43,0.78,360,11.31,11.73,12.24,12.72,13.17
9446484,327,24,744,-0.54,-0.26,0.06,0.44,0.78,360,11.30,11.74,12.25,12.74,13.19
9446484,328,24,744,-0.55,-0.26,0.05,0.44,0.78,360,11.32,11.75,12.26,12.74,13.19
9446484,329,24,744,-0.56,-0.28,0.05,0.44,0.78,360,11.32,11.76,12.28,12.74,13.20
9446484,330,24,744,-0.58,-0.29,0.05,0.43,0.79,360,11.33,11.78,12.29,12.74,13.20
9446484,331,24,744,-0.58,-0.31,0.05,0.43,0.81,360,11.34,11.82,12.29,12.77,13.21
9446484,332,24,744,-0.58,-0.31,0.05,0.44,0.83,360,11.35,11.80,12.28,12.74,13.20
9446484,333,24,744,-0.58,-0.31,0.06,0.45,0.84,360,11.33,11.82,12.28,12.72,13.19
9446484,334,24,744,-0.58,-0.31,0.06,0.45,0.85,360,11.32,11.79,12.24,12.73,13.19
9446484,335,24,744,-0.59,-0.32,0.06,0.46,0.87,360,11.32,11.78,12.24,12.73,13.14
9446484,336,24,744,-0.59,-0.32,0.06,0.46,0.87,360,11.31,11.78,12.26,12.74,13.19
9446484,337,24,744,-0.59,-0.33,0.06,0.45,0.89,360,11.31,11.79,12.27,12.74,13.20
9446484,338,24,744,-0.59,-0.34,0.05,0.45,0.89,360,11.35,11.84,12.28,12.77,13.21
9446484,339,24,744,-0.60,-0.34,0.05,0.47,0.89,360,11.42,11.90,12.29,12.73,13.20
9446484,340,24,744,-0.60,-0.35,0.04,0.47,0.90,360,11.46,11.91,12.32,12.77,13.20
9446484,341,24,744,-0.61,-0.36,0.04,0.48,0.91,360,11.46,11.92,12.33,12.77,13.22
9446484,342,24,744,-0.62,-0.36,0.05,0.47,0.93,360,11.46,11.92,12.35,12.79,13.20
9446484,343,24,744,-0.62,-0.36,0.04,0.46,0.92,360,11.46,11.93,12.36,12.81,13.19
9446484,344,24,744,-0.62,-0.36,0.04,0.46,0.92,360,11.45,11.93,12.39,12.83,13.16
9446484,345,24,744,-0.62,-0.36,0.04,0.45,0.91,360,11.43,11.93,12.40,12.84,13.20
9446484,346,24,744,-0.62,-0.36,0.03,0.45,0.91,360,11.44,11.95,12.42,12.84,13.21
9446484,347,24,744,-0.63,-0.35,0.04,0.44,0.89,360,11.44,11.98,12.42,12.88,13.22
9446484,348,24,744,-0.64,-0.35,0.04,0.44,0.90,360,11.46,11.99,12.48,12.90,13.28
9446484,349,24,744,-0.64,-0.34,0.06,0.42,0.90,360,11.46,11.99,12.50,12.94,13.35
9446484,350,24,744,-0.64,-0.34,0.06,0.42,0.90,360,11.46,11.99,12.53,12.97,13.35
9446484,351,24,720,-0.65,-0.34,0.06,0.42,0.91,360,11.40,11.94,12.53,12.97,13.39
9446484,352,24,719,-0.63,-0.35,0.05,0.44,0.91,360,11.38,11.92,12.56,12.97,13.45
9446484,353,24,718,-0.62,-0.35,0.04,0.43,0.90,360,11.37,11.86,12.56,12.97,13.45
9446484,354,24,717,-0.62,-0.34,0.05,0.43,0.90,360,11.30,11.83,12.50,12.97,13.48
9446484,355,24,716,-0.62,-0.34,0.05,0.44,0.90,360,11.29,11.82,12.48,12.98,13.48
9446484,356,24,715,-0.62,-0.32,0.06,0.42,0.90,360,11.29,11.82,12.46,13.00,13.48
9446484,357,24,714,-0.62,-0.31,0.07,0.42,0.90,360,11.32,11.85,12.46,12.98,13.49
9446484,358,24,713,-0.60,-0.28,0.09,0.43,0.89,360,11.36,11.85,12.46,12.99,13.50
9446484,359,24,712,-0.60,-0.27,0.10,0.45,0.90,336,11.38,11.85,12.45,12.97,13.53
9446484,360,24,711,-0.59,-0.26,0.11,0.48,0.89,335,11.38,11.82,12.43,12.97,13.50
9446484,361,24,710,-0.58,-0.24,0.11,0.49,0.89,334,11.37,11.81,12.42,12.97,13.53
9446484,362,24,709,-0.58,-0.24,0.12,0.50,0.88,333,11.35,11.77,12.39,12.97,13.55
9446484,363,24,708,-0.58,-0.22,0.12,0.50,0.88,332,11.33,11.74,12.32,12.96,13.52
9446484,364,24,707,-0.58,-0.24,0.11,0.49,0.88,331,11.32,11.72,12.32,12.96,13.52
9446484,365,24,706,-0.59,-0.24,0.11,0.49,0.86,330,11.33,11.73,12.34,12.95,13.55
9446484,366,24,705,-0.60,-0.24,0.11,0.47,0.85,329,11.37,11.75,12.40,12.96,13.55
